Слово/фраза,Транскрипция,Перевод,Категория,Частотность,Широкая категория
Arbeit,[ˈaːɐ̯ˌbaɪ̯t],работа,Бизнес / Работа,1000,Учёба и работа
arbeiten,[ˈaʁbaɪ̯tən],работать,Бизнес / Работа,1000,Учёба и работа
Badezimmer,[ˈbaːdəˌtsɪmɐ],ванная комната,Ванная комната,1000,Дом и быт
Toilette,[to̯aˈlɛtə],туалет,Ванная комната,1000,Дом и быт
Wasser,[ˈvasɐ],вода,Ванная комната,1000,Дом и быт
Zahnpasta,[ˈtsaːnˌpastɐ],зубная паста,Ванная комната,1000,Дом и быт
waschen,[ˈvaʃn̩],мыть,Ванная комната,1000,Дом и быт
Bett,[bɛt],кровать,Ванная комната / Спальня / Гостиная,1000,Дом и быт
bitte,[ˈbɪ.tə],пожалуйста,Вежливость / Этикет,1000,Приветствия и знакомства
hallo,[haˈloː],здравствуйте / привет,Вежливость / Этикет,1000,Приветствия и знакомства
Geschmack,[ɡəˈʃmak],вкус,Вкус (Ощущения),1000,Дом и быт
Haar,[haːɐ̯],волосы,Внешность (Волосы),1000,Семья и люди
schön,[ʃøːn],красивый,Внешность (Общее),1000,Семья и люди
Ich bin ... Jahre alt.,[ɪç bɪn ... ˈjaːʁə alt],Мне ... лет.,Возраст,1000,Приветствия и знакомства
Wie alt?,[viː alt],сколько лет?,Возраст,1000,Приветствия и знакомства
was,[vas],что,Вопросительные слова,1000,Приветствия и знакомства
Tag,[taːk],день,Время (Другое),1000,Приветствия и знакомства
gestern,[ˈɡɛstɐn],вчера,Время (Другое),1000,Приветствия и знакомства
heute,[ˈhɔʏtə],сегодня,Время (Другое),1000,Приветствия и знакомства
immer,[ˈɪmɐ],всегда,Время (Другое),1000,Приветствия и знакомства
jetzt,[jɛtst],сейчас,Время (Другое),1000,Приветствия и знакомства
morgen,[ˈmɔʁɡn̩],завтра,Время (Другое),1000,Приветствия и знакомства
nie,[niː],никогда,Время (Другое),1000,Приветствия и знакомства
noch,[nɔx],ещё,Время (Другое),1000,Приветствия и знакомства
oft,[ɔft],часто,Время (Другое),1000,Приветствия и знакомства
schon,[ʃoːn],уже,Время (Другое),1000,Приветствия и знакомства
sein,[zaɪn],"быть, находиться",Глаголы (Местоположение),1000,Основные глаголы
lieben,[ˈliːbn̩],любить,Глаголы (Семья),1000,Основные глаголы
spielen,[ˈʃpiːlən],играть,Глаголы (Спорт),1000,Основные глаголы
Sofa,[ˈzoː.fa],диван,Гостиная,1000,Дом и быт
Schokolade,[ʃokoˈlaːdə],шоколад,Десерты,1000,Рестораны и кафе
Montag,[ˈmɔn.taːk],понедельник,Дни недели,1000,Приветствия и знакомства
Haus,[haʊs],дом,Дом,1000,Дом и быт
Hund,[hʊnt],собака,Животные (Домашние/Ферма),1000,Хобби и повседневная жизнь
Katze,[ˈkat͡sə],кошка,Животные (Домашние/Ферма),1000,Хобби и повседневная жизнь
Wald,[valt],лес,Животные (Лесные),1000,Хобби и повседневная жизнь
Meer,[meːɐ̯],море,Животные (Морские),1000,Хобби и повседневная жизнь
hören,[ˈhøːʁən],слышать,Звук,1000,Дом и быт
Gesundheit,[ɡəˈzʊnt.haɪ̯t],здоровье,Здоровье,1000,Здоровье и самочувствие
Verletzung,[fɛɐ̯ˈlɛt͡sʊŋ],травма,Здоровье (Травмы),1000,Здоровье и самочувствие
malen,[ˈmaːlən],"рисовать, красить",Искусство и ремесла,1000,Хобби и повседневная жизнь
Wie geht's?,[viː ˈɡeːts],Как дела?,Как дела?,1000,Приветствия и знакомства
ich,[ɪç],я,Местоимения,1000,Приветствия и знакомства
hier,[hiːɐ̯],здесь,Местоположение (Здесь и там),1000,Путешествия и транспорт
Januar,[ˈjaːnu̯aɐ̯],январь,Месяцы года,1000,Приветствия и знакомства
Norden,[ˈnɔʁdn̩],север,Направления (стороны света),1000,Путешествия и транспорт
Geruch,[ɡəˈʁʊx],запах,Обоняние,1000,Дом и быт
Kleidung,[ˈklaɪ̯dʊŋ],одежда,Одежда,1000,Покупки и магазины
ja,[jaː],да,Основы,1000,Приветствия и знакомства
fühlen,[ˈfyːlən],чувствовать (осязать),Осязание,1000,Дом и быт
Herzlichen Glückwunsch,[ˈhɛʁt͡slɪçən ˈɡlʏkˌvʊnʃ],Поздравляю,Поздравления / Праздники,1000,Приветствия и знакомства
Wie viel kostet das?,[viː fiːl ˈkɔstət das],Сколько это стоит?,Покупки,1000,Покупки и магазины
kaufen,[ˈkaʊ̯fn̩],покупать,Покупки,1000,Покупки и магазины
Supermarkt,[ˈzuːpɐˌmaʁkt],супермаркет,Покупки (Места),1000,Покупки и магазины
in,[ɪn],"в, внутри",Предлоги места,1000,Путешествия и транспорт
und,[ʊnt],и,Представление себя,1000,Приветствия и знакомства
Beruf,[bəˈʁuːf],профессия,Профессии,1000,Учёба и работа
Ich bin ...,[ɪç bɪn],Я ... (по профессии),Профессии,1000,Учёба и работа
Reise,[ˈʁaɪ̯zə],путешествие,Путешествия,1000,Путешествия и транспорт
auch,[aʊ̯x],"тоже, также",Связующие слова (Добавление),1000,Путешествия и транспорт
aber,[ˈaːbɐ],но,Связующие слова (Сравнение/Контраст),1000,Путешествия и транспорт
Familie,[faˈmiːli̯ə],семья,Семья (Ближайшие родственники),1000,Семья и люди
Mutter,[ˈmʊtɐ],мать,Семья (Ближайшие родственники),1000,Семья и люди
Vater,[ˈfaːtɐ],отец,Семья (Ближайшие родственники),1000,Семья и люди
Sport,[ʃpɔʁt],спорт,Спорт,1000,Хобби и повседневная жизнь
Sport machen,[ʃpɔʁt ˈmaxən],заниматься спортом,Спорт,1000,Хобби и повседневная жизнь
Gabel,[ˈɡaːbl̩],вилка,Столовые приборы,1000,Рестораны и кафе
Löffel,[ˈlœfl̩],ложка,Столовые приборы,1000,Рестораны и кафе
Messer,[ˈmɛsɐ],нож,Столовые приборы,1000,Рестораны и кафе
Auto,[ˈaʊ̯to],автомобиль,Транспорт,1000,Путешествия и транспорт
Körper,[ˈkœʁpɐ],тело,Части тела,1000,Здоровье и самочувствие
null,[nʊl],ноль,Числа,1000,Покупки и магазины
Klasse,[ˈklasə],класс (группа учеников),Школа (В классе),1000,Учёба и работа
lernen,[ˈlɛrnən],"учить, изучать",Школа (Учебная деятельность),1000,Учёба и работа
Zahnbürste,[ˈtsaːnˌbʏʁstə],зубная щётка,Ванная комната,990,Дом и быт
wie,[viː],как,Вопросительные слова,990,Приветствия и знакомства
laufen,[ˈlaʊ̯fən],бегать,Глаголы (Спорт),990,Основные глаголы
haben,[ˈhaːbn̩],иметь,Глаголы действия,990,Основные глаголы
Kuchen,[ˈkuːxn̩],"пирог, торт",Десерты,990,Рестораны и кафе
Dienstag,[ˈdiːns.taːk],вторник,Дни недели,990,Приветствия и знакомства
Maus,[maʊs],мышь,Животные (Лесные),990,Хобби и повседневная жизнь
du,[duː],ты,Местоимения,990,Приветствия и знакомства
Süden,[ˈzyːdn̩],юг,Направления (стороны света),990,Путешествия и транспорт
nein,[naɪn],нет,Основы,990,Приветствия и знакомства
bin,[bɪn],есть (форма глагола sein – быть),Представление себя,990,Приветствия и знакомства
Job,[d͡ʒɔp],работа (должность),Профессии,990,Учёба и работа
Lehrer,[ˈleːʁɐ],учитель,Профессии,990,Учёба и работа
weiß,[vaɪs],белый,Цвета,990,Дом и быт
Schule,[ˈʃuːlə],школа,Школа (В классе),990,Учёба и работа
Seife,[ˈzaɪ̯fə],мыло,Ванная комната,980,Дом и быт
danke,[ˈdaŋ.kə],спасибо,Вежливость / Этикет,980,Приветствия и знакомства
lecker,[ˈlɛ.kɐ],вкусный,Вкус (Еда),980,Рестораны и кафе
Auge,[ˈaʊ̯ɡə],глаз,Внешность (Общее),980,Семья и люди
groß,[ɡʁoːs],"высокий, большой",Внешность (Общее),980,Семья и люди
wer,[veːɐ̯],кто,Вопросительные слова,980,Приветствия и знакомства
springen,[ˈʃpʁɪŋən],прыгать,Глаголы (Спорт),980,Основные глаголы
Tisch,[tɪʃ],стол,Гостиная,980,Дом и быт
Eis,[aɪs],мороженое,Десерты,980,Рестораны и кафе
Mittwoch,[ˈmɪt.vɔx],среда,Дни недели,980,Приветствия и знакомства
Eichhörnchen,[ˈaɪ̯çˌhœʁnçən],белка,Животные (Лесные),980,Хобби и повседневная жизнь
Fuchs,[fʊks],лиса,Животные (Лесные),980,Хобби и повседневная жизнь
Wie geht es Ihnen?,[viː ˈɡeːt ɛs ˈiːnən],Как у Вас дела?,Как дела?,980,Приветствия и знакомства
er,[eːɐ̯],он,Местоимения,980,Приветствия и знакомства
sie,[ziː],она / они / Вы (вежл.),Местоимения,980,Приветствия и знакомства
Februar,[ˈfeːbʁu̯aɐ̯],февраль,Месяцы года,980,Приветствия и знакомства
Osten,[ˈɔstn̩],восток,Направления (стороны света),980,Путешествия и транспорт
Tomate,[toˈmaːtə],помидор,Овощи,980,Рестораны и кафе
Schuhe,[ˈʃuːə],обувь,Одежда,980,Покупки и магазины
berühren,[bəˈʁyːʁən],"касаться, трогать",Осязание,980,Дом и быт
Sonne,[ˈzɔnə],солнце,Погода,980,Путешествия и транспорт
Ich möchte ...,[ɪç ˈmœçtə],Я хотел(а) бы ...,Покупки,980,Покупки и магазины
Preis,[pʁaɪ̯s],цена,Покупки,980,Покупки и магазины
Geschäft,[ɡəˈʃɛft],магазин,Покупки (Места),980,Покупки и магазины
auf,[aʊ̯f],на (поверхности),Предлоги места,980,Путешествия и транспорт
heißen,[ˈhaɪ̯sn̩],называться,Представление себя,980,Приветствия и знакомства
Student,[ʃtuˈdɛnt],студент,Профессии,980,Учёба и работа
arbeiten als,[ˈaʁbaɪ̯tən als],работать кем-либо,Профессии,980,Учёба и работа
dann,[dan],затем,Связующие слова (Время и место),980,Путешествия и транспорт
Eltern,[ˈɛltɐn],родители,Семья (Ближайшие родственники),980,Семья и люди
Bus,[bʊs],автобус,Транспорт,980,Путешествия и транспорт
Banane,[baˈnaː.nə],банан,Фрукты,980,Рестораны и кафе
Handtuch,[ˈhantˌtuːx],полотенце,Ванная комната,970,Дом и быт
duschen,[ˈdʊʃn̩],принимать душ,Ванная комната,970,Дом и быт
guten Tag,[ˈɡuː.tən ˈtaːk],добрый день,Вежливость / Этикет,970,Приветствия и знакомства
schmecken,[ˈʃmɛ.kən],"быть на вкус, пробовать на вкус",Вкус (Еда),970,Рестораны и кафе
Gesicht,[ɡəˈzɪçt],лицо,Внешность (Общее),970,Семья и люди
klein,[klaɪn],"маленький, низкий",Внешность (Общее),970,Семья и люди
wo,[voː],где,Вопросительные слова,970,Приветствия и знакомства
werden,[ˈveːɐ̯dn̩],становиться,Глаголы действия,970,Основные глаголы
Süßigkeit,[ˈzyːsɪçkaɪt],"сладость, конфета",Десерты,970,Рестораны и кафе
Donnerstag,[ˈdɔnɐs.taːk],четверг,Дни недели,970,Приветствия и знакомства
Hirsch,[hɪʁʃ],олень,Животные (Лесные),970,Хобби и повседневная жизнь
Schmerzen haben,[ˈʃmɛʁtsn̩ ˈhaːbn̩],испытывать боль,Здоровье (Симптомы),970,Здоровье и самочувствие
zeichnen,[ˈtsaɪ̯çnən],"чертить, рисовать (карандашом)",Искусство и ремесла,970,Хобби и повседневная жизнь
Wie geht es dir?,[viː ˈɡeːt ɛs diːɐ̯],Как у тебя дела?,Как дела?,970,Приветствия и знакомства
es,[ɛs],оно,Местоимения,970,Приветствия и знакомства
wir,[viːɐ̯],мы,Местоимения,970,Приветствия и знакомства
März,[mɛʁt͡s],март,Месяцы года,970,Приветствия и знакомства
Westen,[ˈvɛstn̩],запад,Направления (стороны света),970,Путешествия и транспорт
Gurke,[ˈɡʊʁkə],огурец,Овощи,970,Рестораны и кафе
tragen,[ˈtʁaːɡn̩],носить (одежду),Одежда,970,Покупки и магазины
Regen,[ˈʁeːɡn̩],дождь,Погода,970,Путешествия и транспорт
Kasse,[ˈkasə],касса,Покупки,970,Покупки и магазины
unter,[ˈʊntɐ],под,Предлоги места,970,Путешествия и транспорт
mein Name,[maɪ̯n ˈnaːmə],моё имя,Представление себя,970,Приветствия и знакомства
Ingenieur,[ɪnʒeˈnjøːɐ̯],инженер,Профессии,970,Учёба и работа
Bahn,[baːn],поезд,Транспорт,970,Путешествия и транспорт
Birne,[ˈbɪʁ.nə],груша,Фрукты,970,Рестораны и кафе
blau,[blaʊ],"синий, голубой",Цвета,970,Дом и быт
Lehrerin,[ˈleːʁəʁɪn],учительница,Школа (В классе),970,Учёба и работа
Dusche,[ˈdʊʃə],душ,Ванная комната,960,Дом и быт
alt,[alt],старый,Внешность (Общее),960,Семья и люди
jung,[jʊŋ],молодой,Внешность (Общее),960,Семья и люди
wann,[van],когда,Вопросительные слова,960,Приветствия и знакомства
schießen,[ˈʃiːsən],"бить (по мячу), стрелять",Глаголы (Спорт),960,Основные глаголы
Torte,[ˈtɔʁtə],торт,Десерты,960,Рестораны и кафе
Freitag,[ˈfʁaɪ.taːk],пятница,Дни недели,960,Приветствия и знакомства
Brot,[bʁoːt],хлеб,Еда и напитки,960,Рестораны и кафе
Ich fühle mich schlecht,[ɪç ˈfyːlə mɪç ʃlɛçt],я плохо себя чувствую,Здоровье (Симптомы),960,Здоровье и самочувствие
ihr,[iːɐ̯],"вы (множественное число, неформально)",Местоимения,960,Приветствия и знакомства
April,[aˈpʁɪl],апрель,Месяцы года,960,Приветствия и знакомства
Zwiebel,[ˈtsviːbl̩],лук,Овощи,960,Рестораны и кафе
Schnee,[ʃneː],снег,Погода,960,Путешествия и транспорт
Einkaufszentrum,[ˈaɪ̯nkaʊfsˌt͡sɛntrʊm],торговый центр,Покупки (Места),960,Покупки и магазины
Koch,[kɔx],повар,Профессии,960,Учёба и работа
Orange,[oˈʁãːʒə],апельсин,Фрукты,960,Рестораны и кафе
grün,[ɡʁyːn],зелёный,Цвета,960,Дом и быт
Ohr,[oːɐ̯],ухо,Части тела,960,Здоровье и самочувствие
vier,[fiːɐ̯],четыре,Числа,960,Покупки и магазины
Schüler,[ˈʃyːlɐ],ученик,Школа (В классе),960,Учёба и работа
Firma,[ˈfɪʁ.ma],"фирма, компания",Бизнес / Работа,950,Учёба и работа
Badewanne,[ˈbaːdəˌvanə],ванна,Ванная комната,950,Дом и быт
Shampoo,[ˈʃamˌpuː],шампунь,Ванная комната,950,Дом и быт
Toilettenpapier,[to̯aˈlɛtn̩paˌpiːɐ̯],туалетная бумага,Ванная комната,950,Дом и быт
putzen,[ˈpʊtsn̩],"чистить (например, зубы)",Ванная комната,950,Дом и быт
reinigen,[ˈʁaɪ̯nɪɡn̩],чистить,Ванная комната,950,Дом и быт
sauber,[ˈzaʊ̯bɐ],чистый,Ванная комната,950,Дом и быт
Zähne putzen,[ˈtsɛːnə ˈpʊtsn̩],чистить зубы,Ванная комната (Глаголы),950,Основные глаголы
auf Wiedersehen,[aʊ̯f ˈviː.dɐˌzeː.ən],до свидания,Вежливость / Этикет,950,Приветствия и знакомства
entschuldigung,[ɛntˈʃʊl.dɪ.gʊŋ],извините,Вежливость / Этикет,950,Приветствия и знакомства
guten Morgen,[ˈɡuː.tən ˈmɔʁ.ɡn̩],доброе утро,Вежливость / Этикет,950,Приветствия и знакомства
süß,[zyːs],сладкий,Вкус (Еда),950,Рестораны и кафе
lang,[laŋ],длинный,Внешность (Волосы),950,Семья и люди
Aussehen,[ˈaʊsˌzeːən],внешность,Внешность (Общее),950,Семья и люди
hübsch,[hʏpʃ],симпатичный,Внешность (Общее),950,Семья и люди
Wie groß?,[viː ɡʁoːs],Какой рост? / Насколько большой?,Внешность (Размер / Рост),950,Семья и люди
Wie viel?,[viː ˈfiːl],Сколько?,Внешность (Размер / Рост),950,Семья и люди
Er ist ... Jahre alt.,[eːɐ̯ ɪst ... ˈjaːʁə alt],Ему ... лет.,Возраст,950,Приветствия и знакомства
Jahr,[jaːɐ̯],год,Возраст,950,Приветствия и знакомства
Kind,[kɪnt],ребёнок,Возраст,950,Приветствия и знакомства
Sie ist ... Jahre alt.,[ziː ɪst ... ˈjaːʁə alt],Ей ... лет.,Возраст,950,Приветствия и знакомства
warum,[vaˈʁʊm],почему,Вопросительные слова,950,Приветствия и знакомства
wieviel,[ˈviːˌfiːl],сколько,Вопросительные слова,950,Приветствия и знакомства
Sommer,[ˈzɔmɐ],лето,Времена года,950,Путешествия и транспорт
Winter,[ˈvɪntɐ],зима,Времена года,950,Путешествия и транспорт
Stunde,[ˈʃtʊndə],час,Время (Другое),950,Приветствия и знакомства
Woche,[ˈvɔxə],неделя,Время (Другое),950,Приветствия и знакомства
bald,[balt],скоро,Время (Другое),950,Приветствия и знакомства
gleich,[ɡlaɪ̯ç],"сейчас же, вскоре",Время (Другое),950,Приветствия и знакомства
manchmal,[ˈmançmaːl],иногда,Время (Другое),950,Приветствия и знакомства
später,[ˈʃpɛːtɐ],позже,Время (Другое),950,Приветствия и знакомства
liegen,[ˈliːɡn̩],"лежать, находиться (о предмете)",Глаголы (Местоположение),950,Основные глаголы
schneien,[ˈʃnaɪ̯ən],идти (о снеге),Глаголы (Погода),950,Основные глаголы
helfen,[ˈhɛlfn̩],помогать,Глаголы (Семья),950,Основные глаголы
werfen,[ˈvɛʁfən],бросать,Глаголы (Спорт),950,Основные глаголы
können,[ˈkœnən],"мочь, уметь",Глаголы действия,950,Основные глаголы
Keks,[keːks],печенье,Десерты,950,Рестораны и кафе
Samstag,[ˈzamstaːk],суббота,Дни недели,950,Приветствия и знакомства
Wohnung,[ˈvoː.nʊŋ],квартира,Дом,950,Дом и быт
gemütlich,[ɡəˈmyːtlɪç],уютный,Дом (Описание),950,Дом и быт
Milch,[mɪlç],молоко,Еда и напитки,950,Рестораны и кафе
Tier,[tiːɐ̯],животное,Животные (Домашние/Ферма),950,Хобби и повседневная жизнь
Hase,[ˈhaːzə],заяц,Животные (Лесные),950,Хобби и повседневная жизнь
Reh,[ʁeː],косуля,Животные (Лесные),950,Хобби и повседневная жизнь
Wolf,[vɔlf],волк,Животные (Лесные),950,Хобби и повседневная жизнь
Krabbe,[ˈkʁabə],краб,Животные (Морские),950,Хобби и повседневная жизнь
Musik,[muˈziːk],музыка,Звук,950,Дом и быт
laut,[laʊ̯t],громкий,Звук,950,Дом и быт
leise,[ˈlaɪ̯zə],тихий,Звук,950,Дом и быт
Arzt,[aːɐ̯t͡st],врач,Здоровье,950,Здоровье и самочувствие
Ich bin krank,[ɪç bɪn kʁaŋk],Я болен,Здоровье (Болезни),950,Здоровье и самочувствие
Schmerzen,[ˈʃmɛʁ.tsn̩],боль,Здоровье (Болезни),950,Здоровье и самочувствие
Was fehlt dir?,[vas feːlt diːɐ̯],Что с тобой? (Что болит?),Здоровье (Болезни),950,Здоровье и самочувствие
Praxis,[ˈpʁaksɪs],поликлиника / кабинет врача,Здоровье (Места),950,Здоровье и самочувствие
Hilfe,[ˈhɪlfə],помощь,Здоровье (Профессии),950,Здоровье и самочувствие
Ärztin,[ˈɛːɐ̯t͡stɪn],врач (женщина),Здоровье (Профессии),950,Здоровье и самочувствие
Kopfschmerz,[ˈkɔpfˌʃmɛʁts],головная боль,Здоровье (Симптомы),950,Здоровье и самочувствие
Notruf,[ˈnoːtˌʁuːf],экстренный вызов,Здоровье (Службы),950,Здоровье и самочувствие
bluten,[ˈbluːtn̩],кровоточить,Здоровье (Травмы),950,Здоровье и самочувствие
basteln,[ˈbastl̩n],"мастерить, заниматься поделками",Искусство и ремесла,950,Хобби и повседневная жизнь
gut,[ɡuːt],Хорошо,Как дела?,950,Приветствия и знакомства
braten,[ˈbʁaː.tn̩],жарить,Кухня (Глаголы),950,Основные глаголы
mein,[maɪn],мой,Местоимения,950,Приветствия и знакомства
da,[daː],там / тут,Местоположение (Здесь и там),950,Путешествия и транспорт
Mai,[maɪ̯],май,Месяцы года,950,Приветствия и знакомства
Rind,[ʁɪnt],говядина,Мясо,950,Рестораны и кафе
nach,[naːx],в (направление),Направления (стороны света),950,Путешествия и транспорт
Karotte,[kaˈʁɔtə],морковь,Овощи,950,Рестораны и кафе
Anziehen,[ˈant͡siːən],надевать,Одежда,950,Покупки и магазины
Hose,[ˈhoːzə],брюки,Одежда,950,Покупки и магазины
Jacke,[ˈjakə],куртка,Одежда,950,Покупки и магазины
nah,[naː],близко,Описание (Расстояние),950,Дом и быт
anfassen,[ˈanˌfasən],"трогать, дотрагиваться",Осязание,950,Дом и быт
Wind,[vɪnt],ветер,Погода,950,Путешествия и транспорт
Alles Gute,[ˈaləs ˈɡuːtə],Всего хорошего,Поздравления / Праздники,950,Приветствия и знакомства
Haben Sie ...?,[ˈhaːbn̩ ziː],У вас есть ...?,Покупки,950,Покупки и магазины
Verkäufer,[fɛɐ̯ˈkɔɪ̯fɐ],продавец,Покупки,950,Покупки и магазины
verkaufen,[fɛɐ̯ˈkaʊ̯fn̩],продавать,Покупки,950,Покупки и магазины
Kunde,[ˈkʊndə],"покупатель, клиент",Покупки (Люди),950,Покупки и магазины
Bäckerei,[ˌbɛkəˈʁaɪ],пекарня,Покупки (Места),950,Покупки и магазины
über,[ˈyːbɐ],над,Предлоги места,950,Путешествия и транспорт
hi,[haɪ],привет (неформально),Приветствия,950,Приветствия и знакомства
Frühstück,[ˈfʁyːʃtʏk],завтрак,Приемы пищи,950,Рестораны и кафе
Was sind Sie von Beruf?,[vas zɪnt ziː fɔn bəˈʁuːf],Кто вы по профессии?,Профессии,950,Учёба и работа
bis bald,[bɪs ˈbalt],до скорого,Прощание,950,Приветствия и знакомства
Koffer,[ˈkɔfɐ],чемодан,Путешествия,950,Путешествия и транспорт
Rezeptionist,[ʁɛ.t͡sɛp.tsi.oˈnɪst],администратор (на ресепшене),Путешествия (Персонал),950,Путешествия и транспорт
zuerst,[tsuˈeːɐ̯st],сначала,Связующие слова (Время и место),950,Путешествия и транспорт
außerdem,[ˈaʊ̯sɐˌdeːm],"кроме того, вдобавок",Связующие слова (Добавление),950,Путешествия и транспорт
doch,[dɔx],"однако, всё же",Связующие слова (Сравнение/Контраст),950,Путешествия и транспорт
Mama,[maˈmaː],мама,Семья (Ближайшие родственники),950,Семья и люди
Papa,[paˈpaː],папа,Семья (Ближайшие родственники),950,Семья и люди
Onkel,[ˈɔŋkl̩],дядя,Семья (Дальние родственники),950,Семья и люди
Tante,[ˈtantə],тётя,Семья (Дальние родственники),950,Семья и люди
Kissen,[ˈkɪsən],подушка,Спальня,950,Дом и быт
Fußball,[ˈfuːsˌbal],футбол,Спорт,950,Хобби и повседневная жизнь
Spiel,[ʃpiːl],игра,Спорт,950,Хобби и повседневная жизнь
Fahrrad,[ˈfaːɐ̯ˌʁaːt],велосипед,Транспорт,950,Путешествия и транспорт
Taxifahrer,[ˈtaksiˌfaːʁɐ],таксист,Транспорт (Персонал),950,Путешествия и транспорт
Traube,[ˈtʁaʊ̯.bə],виноград,Фрукты,950,Рестораны и кафе
gelb,[ɡɛlp],жёлтый,Цвета,950,Дом и быт
Mund,[mʊnt],рот,Части тела,950,Здоровье и самочувствие
fünf,[fʏnf],пять,Числа,950,Покупки и магазины
Schülerin,[ˈʃyːləʁɪn],ученица,Школа (В классе),950,Учёба и работа
Klassenzimmer,[ˈklasənˌtsɪmɐ],классная комната,Школа (Места),950,Учёба и работа
Spiegel,[ˈʃpiːɡl̩],зеркало,Ванная комната,940,Дом и быт
kochen,[ˈkɔxən],готовить (еду),Ванная комната / Кухня,940,Дом и быт
kurz,[kʊʁt͡s],короткий,Внешность (Волосы),940,Семья и люди
hässlich,[ˈhɛslɪç],"некрасивый, уродливый",Внешность (Общее),940,Семья и люди
wie viel,[viː ˈfiːl],сколько (количество),Вопросительные слова,940,Приветствия и знакомства
stehen,[ˈʃteːən],"стоять, находиться (вертикально)",Глаголы (Местоположение),940,Основные глаголы
fangen,[ˈfaŋən],ловить,Глаголы (Спорт),940,Основные глаголы
machen,[ˈmaxn̩],делать,Глаголы действия,940,Основные глаголы
Fenster,[ˈfɛn.stɐ],окно,Гостиная,940,Дом и быт
Pudding,[ˈpʊdɪŋ],пудинг,Десерты,940,Рестораны и кафе
Zucker,[ˈtsʊkɐ],сахар,Десерты,940,Рестораны и кафе
Sonntag,[ˈzɔn.taːk],воскресенье,Дни недели,940,Приветствия и знакомства
Fleisch,[flaɪ̯ʃ],мясо,Еда и напитки,940,Рестораны и кафе
Igel,[ˈiːgəl],ёж,Животные (Лесные),940,Хобби и повседневная жизнь
Schnitt,[ʃnɪt],порез,Здоровье (Травмы),940,Здоровье и самочувствие
Sehr gut,[zeːɐ̯ ɡuːt],Очень хорошо,Как дела?,940,Приветствия и знакомства
dein,[daɪn],твой,Местоимения,940,Приветствия и знакомства
Juni,[ˈjuːni],июнь,Месяцы года,940,Приветствия и знакомства
Hemd,[hɛmt],рубашка,Одежда,940,Покупки и магазины
fern,[fɛrn],далеко,Описание (Расстояние),940,Дом и быт
Wolke,[ˈvɔlkə],облако,Погода,940,Путешествия и транспорт
neben,[ˈneːbn̩],"рядом с, возле",Предлоги места,940,Путешествия и транспорт
Mittagessen,[ˈmɪtaːkˌʔɛsn̩],обед,Приемы пищи,940,Рестораны и кафе
Polizist,[poliˈt͡sɪst],полицейский,Профессии,940,Учёба и работа
bis später,[bɪs ˈʃpɛːtɐ],до позже / увидимся позже,Прощание,940,Приветствия и знакомства
Sohn,[zoːn],сын,Семья (Ближайшие родственники),940,Семья и люди
Tochter,[ˈtɔxtɐ],дочь,Семья (Ближайшие родственники),940,Семья и люди
Fitnessstudio,[ˈfɪtnɛsˌʃtuːdi̯o],тренажёрный зал,Спорт,940,Хобби и повседневная жизнь
Flugzeug,[ˈfluːkˌtsɔʏ̯k],самолёт,Транспорт,940,Путешествия и транспорт
Erdbeere,[ˈeːɐ̯tˌbeːʁə],клубника,Фрукты,940,Рестораны и кафе
Zahn,[tsaːn],зуб,Части тела,940,Здоровье и самочувствие
sechs,[zɛks],шесть,Числа,940,Покупки и магазины
Tafel,[ˈtaːfl̩],доска (школьная),Школа (В классе),940,Учёба и работа
Chef,[ʃɛf],"начальник, шеф",Бизнес / Работа,930,Учёба и работа
Waschbecken,[ˈvaʃˌbɛkŋ̍],раковина,Ванная комната,930,Дом и быт
guten Abend,[ˈɡuː.tən ˈaː.bənt],добрый вечер,Вежливость / Этикет,930,Приветствия и знакомства
glatt,[ɡlat],прямой (о волосах),Внешность (Волосы),930,Семья и люди
welcher,[ˈvɛlçɐ],который / какой,Вопросительные слова,930,Приветствия и знакомства
trainieren,[tʁeˈniːʁən],тренироваться,Глаголы (Спорт),930,Основные глаголы
gehen,[ˈɡeːən],идти,Глаголы действия,930,Основные глаголы
Tür,[tyːɐ̯],дверь,Гостиная,930,Дом и быт
Bonbon,[ˈbɔnbɔn],"леденец, карамель",Десерты,930,Рестораны и кафе
neu,[nɔʏ̯],новый,Дом (Описание),930,Дом и быт
Gemüse,[ɡəˈmyːzə],овощи,Еда и напитки,930,Рестораны и кафе
Qualle,[ˈkvalə],медуза,Животные (Морские),930,Хобби и повседневная жизнь
Krankheit,[ˈkʁaŋk.haɪ̯t],болезнь,Здоровье,930,Здоровье и самочувствие
kleben,[ˈkleːbn̩],клеить,Искусство и ремесла,930,Хобби и повседневная жизнь
mischen,[ˈmɪ.ʃn̩],смешивать,Кухня (Глаголы),930,Основные глаголы
Juli,[ˈjuːli],июль,Месяцы года,930,Приветствия и знакомства
Paprika,[ˈpaːpʁika],перец (сладкий),Овощи,930,Рестораны и кафе
weit,[vaɪt],далёкий / широкий,Описание (Расстояние),930,Дом и быт
"ja, ich verstehe",[jaː ɪç fɛɐ̯ˈʃteːə],"да, я понимаю",Основы,930,Приветствия и знакомства
greifen,[ˈɡʁaɪ̯fən],"хватать, брать рукой",Осязание,930,Дом и быт
Nebel,[ˈneːbl̩],туман,Погода,930,Путешествия и транспорт
Rabatt,[ʁaˈbat],скидка,Покупки,930,Покупки и магазины
zwischen,[ˈtsvɪʃn̩],между,Предлоги места,930,Путешествия и транспорт
Abendessen,[ˈaːbn̩tˌʔɛsn̩],ужин,Приемы пищи,930,Рестораны и кафе
bis morgen,[bɪs ˈmɔʁɡn̩],до завтра,Прощание,930,Приветствия и знакомства
Abfahrt,[ˈapˌfaʁt],отправление,Путешествия,930,Путешествия и транспорт
Bruder,[ˈbʁuːdɐ],брат,Семья (Ближайшие родственники),930,Семья и люди
Schwester,[ˈʃvɛstɐ],сестра,Семья (Ближайшие родственники),930,Семья и люди
Schüssel,[ˈʃʏsl̩],миска,Столовые приборы,930,Рестораны и кафе
Taxi,[ˈtaksi],такси,Транспорт,930,Путешествия и транспорт
Kirsche,[ˈkɪʁ.ʃə],вишня / черешня,Фрукты,930,Рестораны и кафе
grau,[ɡʁaʊ],серый,Цвета,930,Дом и быт
sieben,[ˈziːbn̩],семь,Числа,930,Покупки и магазины
Heft,[hɛft],тетрадь,Школа (В классе),930,Учёба и работа
Bibliothek,[biblioˈteːk],библиотека,Школа (Места),930,Учёба и работа
Kollege,[koˈleːɡə],коллега,Бизнес / Работа,920,Учёба и работа
Wasserhahn,[ˈvasɐˌhaːn],кран,Ванная комната,920,Дом и быт
baden,[ˈbaːdn̩],купаться,Ванная комната,920,Дом и быт
Kühlschrank,[ˈkyːlˌʃʁaŋk],холодильник,Ванная комната / Кухня,920,Дом и быт
probieren,[proˈbiː.rən],пробовать,Вкус (Еда),920,Рестораны и кафе
lockig,[ˈlɔkɪç],кудрявый,Внешность (Волосы),920,Семья и люди
Wetter,[ˈvɛtɐ],погода,Времена года,920,Путешествия и транспорт
gewinnen,[ɡəˈvɪnən],выигрывать,Глаголы (Спорт),920,Основные глаголы
kommen,[ˈkɔmən],приходить,Глаголы действия,920,Основные глаголы
Fernseher,[ˈfɛrnˌzeːɐ̯],телевизор,Гостиная,920,Дом и быт
Muffin,[ˈmafɪn],маффин,Десерты,920,Рестораны и кафе
Obst,[oːpst],фрукты,Еда и напитки,920,Рестораны и кафе
Bär,[bɛːɐ̯],медведь,Животные (Лесные),920,Хобби и повседневная жизнь
Delfin,[dɛlˈfiːn],дельфин,Животные (Морские),920,Хобби и повседневная жизнь
Klinik,[ˈkliːnɪk],клиника,Здоровье (Места),920,Здоровье и самочувствие
Bruch,[bʁʊx],перелом,Здоровье (Травмы),920,Здоровье и самочувствие
bauen,[ˈbaʊ̯ən],строить,Искусство и ремесла,920,Хобби и повседневная жизнь
Nicht so gut,[nɪçt zoː ɡuːt],Не очень хорошо,Как дела?,920,Приветствия и знакомства
rühren,[ˈʁyː.ʁən],"мешать, размешивать",Кухня (Глаголы),920,Основные глаголы
unser,[ˈʊnzɐ],наш,Местоимения,920,Приветствия и знакомства
August,[aʊ̯ˈɡʊst],август,Месяцы года,920,Приветствия и знакомства
Knoblauch,[ˈknoːblaʊ̯x],чеснок,Овощи,920,Рестораны и кафе
T-Shirt,[ˈtiːˌʃɜːt],футболка,Одежда,920,Покупки и магазины
halten,[ˈhaltən],держать,Осязание,920,Дом и быт
Markt,[maʁkt],рынок,Покупки (Места),920,Покупки и магазины
vor,[foːɐ̯],перед,Предлоги места,920,Путешествия и транспорт
Bäcker,[ˈbɛkɐ],пекарь,Профессии,920,Учёба и работа
Ankunft,[ˈankʊnft],прибытие,Путешествия,920,Путешествия и транспорт
Serviette,[zɛʁˈvjɛtə],салфетка,Столовые приборы,920,Рестораны и кафе
U-Bahn,[ˈuːˌbaːn],метро,Транспорт,920,Путешествия и транспорт
Pfirsich,[ˈpfɪʁ.zɪç],персик,Фрукты,920,Рестораны и кафе
freundlich,[ˈfʁɔʏ̯nt.lɪç],дружелюбный,Характер и эмоции,920,Семья и люди
Schulter,[ˈʃʊltɐ],плечо,Части тела,920,Здоровье и самочувствие
acht,[axt],восемь,Числа,920,Покупки и магазины
dunkel,[ˈdʊŋkl̩],тёмный,Внешность (Волосы),910,Семья и люди
schlank,[ʃlaŋk],стройный,Внешность (Общее),910,Семья и люди
verlieren,[fɛɐ̯ˈliːʁən],проигрывать,Глаголы (Спорт),910,Основные глаголы
sehen,[ˈzeːən],видеть,Глаголы действия,910,Основные глаголы
Waffel,[ˈvafl̩],вафля,Десерты,910,Рестораны и кафе
Käse,[ˈkɛːzə],сыр,Еда и напитки,910,Рестораны и кафе
Papier,[paˈpiːɐ̯],бумага,Искусство и ремесла,910,Хобби и повседневная жизнь
würzen,[ˈvʏʁ.tsn̩],"приправлять, добавлять специи",Кухня (Глаголы),910,Основные глаголы
euer,[ˈɔɪ̯ɐ],"ваш (мн.ч., неформально)",Местоимения,910,Приветствия и знакомства
September,[zɛpˈtɛmbɐ],сентябрь,Месяцы года,910,Приветствия и знакомства
Bier,[biːɐ̯],пиво,Напитки,910,Рестораны и кафе
Pilz,[pɪlts],гриб,Овощи,910,Рестораны и кафе
Pullover,[pʊˈloːvɐ],свитер,Одежда,910,Покупки и магазины
hinter,[ˈhɪntɐ],"позади, за",Предлоги места,910,Путешествия и транспорт
Friseur,[fʁiˈzøːɐ̯],парикмахер,Профессии,910,Учёба и работа
Flughafen,[ˈfluːkˌhaːfn̩],аэропорт,Путешествия,910,Путешествия и транспорт
Melone,[meˈloː.nə],дыня,Фрукты,910,Рестораны и кафе
Arm,[aʁm],рука (от плеча до кисти),Части тела,910,Здоровье и самочувствие
neun,[nɔʏn],девять,Числа,910,Покупки и магазины
Stift,[ʃtɪft],ручка / карандаш,Школа (В классе),910,Учёба и работа
Büro,[byˈʁoː],офис,Бизнес / Работа,900,Учёба и работа
Duschgel,[ˈdʊʃˌɡeːl],гель для душа,Ванная комната,900,Дом и быт
Kamm,[kam],"гребень, расчёска",Ванная комната,900,Дом и быт
heiß,[haɪ̯s],горячий,Ванная комната,900,Дом и быт
kalt,[kalt],холодный,Ванная комната,900,Дом и быт
nass,[nas],мокрый,Ванная комната,900,Дом и быт
spülen,[ˈʃpyːlən],смывать,Ванная комната,900,Дом и быт
trocken,[ˈtʁɔkn̩],сухой,Ванная комната,900,Дом и быт
Herd,[heːɐ̯t],плита,Ванная комната / Кухня,900,Дом и быт
es tut mir leid,[ɛs tuːt miːɐ̯ laɪ̯t],мне жаль / простите,Вежливость / Этикет,900,Приветствия и знакомства
gern geschehen,[ˈɡɛrn ɡəˈʃeːən],не за что,Вежливость / Этикет,900,Приветствия и знакомства
tschüss,[tʃʏs],пока,Вежливость / Этикет,900,Приветствия и знакомства
vielen Dank,[ˈfiːlən daŋk],большое спасибо,Вежливость / Этикет,900,Приветствия и знакомства
salzig,[ˈzal.t͡sɪç],солёный,Вкус (Еда),900,Рестораны и кафе
hell,[hɛl],светлый,Внешность (Волосы),900,Семья и люди
schauen,[ˈʃaʊ̯ən],смотреть,Внешность (Общее),900,Семья и люди
Wie lang?,[viː laŋ],Какой длины?,Внешность (Размер / Рост),900,Семья и люди
hoch,[hoːx],высокий (о предмете),Внешность (Размер / Рост),900,Семья и люди
Erwachsener,[ɛɐ̯ˈvaksənɐ],взрослый,Возраст,900,Приветствия и знакомства
woher,[voˈheːɐ̯],откуда,Вопросительные слова,900,Приветствия и знакомства
Frühling,[ˈfʁyːlɪŋ],весна,Времена года,900,Путешествия и транспорт
Herbst,[hɛʁpst],осень,Времена года,900,Путешествия и транспорт
Minute,[miˈnuːtə],минута,Время (Другое),900,Приветствия и знакомства
früh,[fʁyː],рано,Время (Другое),900,Приветствия и знакомства
früher,[ˈfʁyːɐ̯],раньше,Время (Другое),900,Приветствия и знакомства
selten,[ˈzɛltən],редко,Время (Другое),900,Приветствия и знакомства
sofort,[zoˈfɔʁt],немедленно,Время (Другое),900,Приветствия и знакомства
spät,[ʃpɛːt],поздно,Время (Другое),900,Приветствия и знакомства
vorgestern,[ˈfoːɐ̯ˌɡɛstɐn],позавчера,Время (Другое),900,Приветствия и знакомства
übermorgen,[ˈyːbɐˌmɔʁɡn̩],послезавтра,Время (Другое),900,Приветствия и знакомства
sitzen,[ˈzɪt͡sn̩],"сидеть, находиться (сидя)",Глаголы (Местоположение),900,Основные глаголы
scheinen,[ˈʃaɪ̯nən],светить (о солнце),Глаголы (Погода),900,Основные глаголы
heiraten,[ˈhaɪ̯ʁaːtn̩],"жениться, выходить замуж",Глаголы (Семья),900,Основные глаголы
schwimmen,[ˈʃvɪmən],плавать,Глаголы (Спорт),900,Основные глаголы
geben,[ˈɡeːbn̩],давать,Глаголы действия,900,Основные глаголы
Zimmer,[ˈt͡sɪ.mɐ],комната,Дом,900,Дом и быт
Reis,[ʁaɪ̯s],рис,Еда и напитки,900,Рестораны и кафе
Huhn,[huːn],курица,Животные (Домашние/Ферма),900,Хобби и повседневная жизнь
Kaninchen,[kaˈnɪnçən],кролик,Животные (Домашние/Ферма),900,Хобби и повседневная жизнь
Kuh,[kuː],корова,Животные (Домашние/Ферма),900,Хобби и повседневная жизнь
Pferd,[pfeːɐ̯t],лошадь,Животные (Домашние/Ферма),900,Хобби и повседневная жизнь
Baum,[baʊm],дерево,Животные (Лесные),900,Хобби и повседневная жизнь
Wildschwein,[ˈvɪltˌʃvaɪn],кабан,Животные (Лесные),900,Хобби и повседневная жизнь
Hai,[haɪ̯],акула,Животные (Морские),900,Хобби и повседневная жизнь
Lärm,[lɛʁm],шум,Звук,900,Дом и быт
ruhig,[ˈʁuːɪç],"спокойный, тихий",Звук,900,Дом и быт
Schmerz,[ʃmɛʁt͡s],боль,Здоровье,900,Здоровье и самочувствие
Ich habe Schmerzen,[ɪç ˈhaːbə ˈʃmɛʁ.tsn̩],У меня болит,Здоровье (Болезни),900,Здоровье и самочувствие
Mir ist schlecht,[miːɐ̯ ɪst ʃlɛçt],Мне плохо / Меня тошнит,Здоровье (Болезни),900,Здоровье и самочувствие
Wo tut es weh?,[voː tuːt ɛs veː],Где болит?,Здоровье (Болезни),900,Здоровье и самочувствие
gesund,[ɡəˈzʊnt],здоровый,Здоровье (Люди),900,Здоровье и самочувствие
krank,[kʁaŋk],больной,Здоровье (Люди),900,Здоровье и самочувствие
Halsschmerz,[ˈhalsˌʃmɛʁts],боль в горле,Здоровье (Симптомы),900,Здоровье и самочувствие
Versicherung,[fɛɐ̯ˈzɪçəʁʊŋ],страховка,Здоровье (Службы),900,Здоровье и самочувствие
Prellung,[ˈpʁɛlʊŋ],ушиб,Здоровье (Травмы),900,Здоровье и самочувствие
schlecht,[ʃlɛçt],Плохо,Как дела?,900,Приветствия и знакомства
sich,[zɪç],себя,Местоимения,900,Приветствия и знакомства
dort,[dɔʁt],там,Местоположение (Здесь и там),900,Путешествия и транспорт
Oktober,[ɔkˈtoːbɐ],октябрь,Месяцы года,900,Приветствия и знакомства
Lamm,[lam],ягнятина,Мясо,900,Рестораны и кафе
Wein,[vaɪn],вино,Напитки,900,Рестораны и кафе
wo?,[voː],где?,Направления (стороны света),900,Путешествия и транспорт
Duft,[dʊft],"аромат, приятный запах",Обоняние,900,Дом и быт
Spinat,[ʃpiˈnaːt],шпинат,Овощи,900,Рестораны и кафе
Ausziehen,[ˈaʊ̯sˌt͡siːən],снимать (одежду),Одежда,900,Покупки и магазины
Kleid,[klaɪ̯t],платье,Одежда,900,Покупки и магазины
Kleidungsstück,[ˈklaɪ̯dʊŋsˌʃtʏk],предмет одежды,Одежда,900,Покупки и магазины
Mantel,[ˈmantl̩],пальто,Одежда,900,Покупки и магазины
passen,[ˈpasn̩],подходить (по размеру),Одежда,900,Покупки и магазины
drücken,[ˈdʁʏkən],"нажимать, давить",Осязание,900,Дом и быт
vielleicht,[fiˈlaɪ̯çt],может быть,Ответы,900,Приветствия и знакомства
Viel Glück,[fiːl ˈɡlʏk],Удачи,Поздравления / Праздники,900,Приветствия и знакомства
bar,[baːɐ̯],наличные,Покупки,900,Покупки и магазины
Kaufhaus,[ˈkaʊfˌhaʊs],универмаг,Покупки (Места),900,Покупки и магазины
bei,[baɪ̯],"у, возле",Предлоги места,900,Путешествия и транспорт
Mechaniker,[meˈçaːnɪkɐ],механик,Профессии,900,Учёба и работа
mach's gut,[maxs ɡuːt],всего хорошего,Прощание,900,Приветствия и знакомства
Bahnhof,[ˈbaːnˌhoːf],вокзал,Путешествия,900,Путешествия и транспорт
Kellner,[ˈkɛl.nɐ],официант,Путешествия (Персонал),900,Путешествия и транспорт
jedoch,[jeˈdɔx],однако,Связующие слова (Сравнение/Контраст),900,Путешествия и транспорт
Großmutter,[ˈɡʁoːsˌmʊtɐ],бабушка,Семья (Ближайшие родственники),900,Семья и люди
Großvater,[ˈɡʁoːsˌfaːtɐ],дедушка,Семья (Ближайшие родственники),900,Семья и люди
Enkel,[ˈɛŋkəl],внук,Семья (Дальние родственники),900,Семья и люди
Enkelin,[ˈɛŋkəˌlɪn],внучка,Семья (Дальние родственники),900,Семья и люди
Verwandte,[fɛɐ̯ˈvantə],родственник,Семья (Дальние родственники),900,Семья и люди
Mannschaft,[ˈmanʃaft],команда,Спорт,900,Хобби и повседневная жизнь
fit,[fɪt],в хорошей форме,Спорт,900,Хобби и повседневная жизнь
Becher,[ˈbɛçɐ],кружка,Столовые приборы,900,Рестораны и кафе
Haltestelle,[ˈhaltəˌʃtɛlə],остановка,Транспорт,900,Путешествия и транспорт
Straßenbahn,[ˈʃtʁaːsn̩ˌbaːn],трамвай,Транспорт,900,Путешествия и транспорт
Schaffner,[ˈʃafnɐ],кондуктор,Транспорт (Персонал),900,Путешествия и транспорт
Wassermelone,[ˈvasɐˌmeːloːnə],арбуз,Фрукты,900,Рестораны и кафе
traurig,[ˈtʁaʊ̯ʁɪç],грустный,Характер и эмоции,900,Семья и люди
Bein,[baɪ̯n],нога (от бедра до ступни),Части тела,900,Здоровье и самочувствие
Fuß,[fuːs],ступня,Части тела,900,Здоровье и самочувствие
Hand,[hant],кисть руки,Части тела,900,Здоровье и самочувствие
zehn,[tseːn],десять,Числа,900,Покупки и магазины
Bleistift,[ˈblaɪ̯ʃtɪft],карандаш,Школа (В классе),900,Учёба и работа
Turnhalle,[ˈtʊʁnˌhalə],спортзал,Школа (Места),900,Учёба и работа
Termin,[tɛʁˈmiːn],"встреча, назначение",Бизнес / Работа,890,Учёба и работа
blond,[blɔnt],блонд,Внешность (Волосы),890,Семья и люди
wohin,[voˈhɪn],куда,Вопросительные слова,890,Приветствия и знакомства
wissen,[ˈvɪsn̩],знать,Глаголы действия,890,Основные глаголы
Sessel,[ˈzɛsl̩],кресло,Гостиная,890,Дом и быт
backen,[ˈbakn̩],печь (выпекать),Десерты,890,Рестораны и кафе
Kartoffel,[kaʁˈtɔfl̩],картофель,Еда и напитки,890,Рестораны и кафе
Husten,[ˈhuːstn̩],кашель,Здоровье (Болезни),890,Здоровье и самочувствие
Fieber haben,[ˈfiːbɐ ˈhaːbn̩],иметь температуру,Здоровье (Симптомы),890,Здоровье и самочувствие
Pinsel,[ˈpɪnzl̩],кисть,Искусство и ремесла,890,Хобби и повседневная жизнь
Und dir?,[ʊnt diːɐ̯],А у тебя?,Как дела?,890,Приветствия и знакомства
servieren,[zɛʁˈviːʁən],подавать,Кухня (Глаголы),890,Основные глаголы
mich,[mɪç],меня,Местоимения,890,Приветствия и знакомства
November,[noˈvɛmbɐ],ноябрь,Месяцы года,890,Приветствия и знакомства
Bohne,[ˈboːnə],фасоль,Овощи,890,Рестораны и кафе
ziehen,[ˈtsiːən],тянуть,Осязание,890,Дом и быт
kühl,[kyːl],прохладно,Погода,890,Путешествия и транспорт
Karte,[ˈkaʁtə],карта (банковская),Покупки,890,Покупки и магазины
an,[an],"у, на (вертикальной поверхности)",Предлоги места,890,Путешествия и транспорт
Sekretär,[zekʁeˈtɛːɐ̯],секретарь,Профессии,890,Учёба и работа
Ticket,[ˈtɪkɛt],билет,Путешествия,890,Путешествия и транспорт
trotzdem,[ˈtʁɔt͡sdeːm],тем не менее,Связующие слова (Сравнение/Контраст),890,Путешествия и транспорт
Ball,[bal],мяч,Спорт,890,Хобби и повседневная жизнь
Zitrone,[tsiˈtʁoː.nə],лимон,Фрукты,890,Рестораны и кафе
rosa,[ˈʁoːza],розовый,Цвета,890,Дом и быт
Finger,[ˈfɪŋɐ],палец (на руке),Части тела,890,Здоровье и самочувствие
Radiergummi,[ʁaˈdiːɐ̯ˌɡʊmi],ластик,Школа (В классе),890,Учёба и работа
Hausaufgabe,[ˈhaʊ̯sʔaʊ̯fˌɡaːbə],домашнее задание,Школа (Учебная деятельность),890,Учёба и работа
Bürste,[ˈbʏʁstə],щётка,Ванная комната,880,Дом и быт
frisch,[frɪʃ],свежий,Вкус (Еда),880,Рестораны и кафе
braun,[bʁaʊ̯n],"каштановый, коричневый",Внешность (Волосы),880,Семья и люди
schmal,[ʃmaːl],"узкий, худощавый",Внешность (Общее),880,Семья и люди
Wie breit?,[viː bʁaɪt],Какой ширины?,Внешность (Размер / Рост),880,Семья и люди
niedrig,[ˈniːdʁɪç],низкий (о предмете),Внешность (Размер / Рост),880,Семья и люди
klettern,[ˈklɛtɐn],"лазать, карабкаться",Глаголы (Спорт),880,Основные глаголы
nehmen,[ˈneːmən],брать,Глаголы действия,880,Основные глаголы
ordentlich,[ˈɔʁdn̩tlɪç],"аккуратный, опрятный",Дом (Описание),880,Дом и быт
Salat,[zaˈlaːt],салат,Еда и напитки,880,Рестораны и кафе
Waschbär,[ˈvaʃˌbɛːɐ̯],енот,Животные (Лесные),880,Хобби и повседневная жизнь
Wal,[vaːl],кит,Животные (Морские),880,Хобби и повседневная жизнь
Geräusch,[ɡəˈʁɔɪ̯ʃ],"звук, шум",Звук,880,Дом и быт
Hilfe!,[ˈhɪl.fə],Помогите!,Здоровье,880,Здоровье и самочувствие
Beule,[ˈbɔɪ̯lə],шишка,Здоровье (Травмы),880,Здоровье и самочувствие
Schere,[ˈʃeːʁə],ножницы,Искусство и ремесла,880,Хобби и повседневная жизнь
Und Ihnen?,[ʊnt ˈiːnən],А у Вас?,Как дела?,880,Приветствия и знакомства
abwaschen,[ˈapˌvaʃn̩],мыть (посуду),Кухня (Глаголы),880,Основные глаголы
dich,[dɪç],тебя,Местоимения,880,Приветствия и знакомства
Dezember,[deˈt͡sɛmbɐ],декабрь,Месяцы года,880,Приветствия и знакомства
Wurst,[vʊʁst],колбаса,Мясо,880,Рестораны и кафе
stinken,[ˈʃtɪŋkən],вонять,Обоняние,880,Дом и быт
Erbse,[ˈɛʁpsə],горох,Овощи,880,Рестораны и кафе
Rock,[ʁɔk],юбка,Одежда,880,Покупки и магазины
eng,[ɛŋ],узкий,Описание (Расстояние),880,Дом и быт
Frohe Weihnachten,[ˈfʁoːə ˈvaɪ̯naxtn̩],С Рождеством,Поздравления / Праздники,880,Приветствия и знакомства
Quittung,[ˈkvɪtʊŋ],"чек, квитанция",Покупки,880,Покупки и магазины
Weihnachten,[ˈvaɪ̯.naχ.tn̩],Рождество,Праздники и вечеринки,880,Хобби и повседневная жизнь
grüß dich,[ˈɡʁyːs dɪç],привет (разговорное),Приветствия,880,Приветствия и знакомства
Künstler,[ˈkʏnstlɐ],художник,Профессии,880,Учёба и работа
Pass,[pas],паспорт,Путешествия,880,Путешествия и транспорт
Oma,[ˈoːma],бабушка (разг.),Семья (Ближайшие родственники),880,Семья и люди
Opa,[ˈoːpa],дедушка (разг.),Семья (Ближайшие родственники),880,Семья и люди
Turnen,[ˈtʊʁnən],гимнастика,Спорт,880,Хобби и повседневная жизнь
Busfahrer,[ˈbʊsˌfaːʁɐ],водитель автобуса,Транспорт (Персонал),880,Путешествия и транспорт
lustig,[ˈlʊs.tɪç],весёлый,Характер и эмоции,880,Семья и люди
violett,[vi̯oˈlɛt],фиолетовый,Цвета,880,Дом и быт
Brust,[bʁʊst],грудь,Части тела,880,Здоровье и самочувствие
Knie,[kniː],колено,Части тела,880,Здоровье и самочувствие
bewegen,[bəˈveːɡn̩],двигать,Части тела,880,Здоровье и самочувствие
Lineal,[lɪneˈaːl],линейка,Школа (В классе),880,Учёба и работа
Bewerbung,[bəˈvɛʁbʊŋ],заявление (о приёме на работу),Бизнес / Работа,870,Учёба и работа
Rasierer,[ʁaˈziːʁɐ],бритва,Ванная комната,870,Дом и быт
Teller,[ˈtɛlɐ],тарелка,Ванная комната / Кухня,870,Дом и быт
bitte schön,[ˈbɪ.tə ʃøːn],пожалуйста (усиленно),Вежливость / Этикет,870,Приветствия и знакомства
schwarz,[ʃvaʁt͡s],чёрный,Внешность (Волосы),870,Семья и люди
üben,[ˈyːbən],упражняться,Глаголы (Спорт),870,Основные глаголы
sprechen,[ˈʃpʁɛçn̩],говорить,Глаголы действия,870,Основные глаголы
Teppich,[ˈtɛpɪç],ковёр,Гостиная,870,Дом и быт
Stück,[ʃtʏk],"кусок, кусочек",Десерты,870,Рестораны и кафе
Suppe,[ˈzʊpə],суп,Еда и напитки,870,Рестораны и кафе
Ton,[toːn],"тон, звук",Звук,870,Дом и быт
schreien,[ˈʃʁaɪ̯ən],кричать,Звук,870,Дом и быт
Schnupfen,[ˈʃnʊp.fn̩],насморк,Здоровье (Болезни),870,Здоровье и самочувствие
Bauchschmerz,[ˈbaʊxˌʃmɛʁts],боль в животе,Здоровье (Симптомы),870,Здоровье и самочувствие
Kleber,[ˈkleːbɐ],клей,Искусство и ремесла,870,Хобби и повседневная жизнь
Es geht,[ɛs ˈɡeːt],Нормально / пойдёт,Как дела?,870,Приветствия и знакомства
uns,[ʊns],нас,Местоимения,870,Приветствия и знакомства
Limonade,[limoˈnaːdə],лимонад,Напитки,870,Рестораны и кафе
Kohl,[koːl],капуста,Овощи,870,Рестораны и кафе
Socken,[ˈzɔkn̩],носки,Одежда,870,Покупки и магазины
Wie weit?,[viː vaɪt],Как далеко?,Описание (Расстояние),870,Дом и быт
weich,[vaɪ̯ç],мягкий,Осязание,870,Дом и быт
Frohes neues Jahr,[ˈfʁoːəs ˈnɔʏ̯əs ˈjaːɐ̯],С Новым годом,Поздравления / Праздники,870,Приветствия и знакомства
Musiker,[ˈmuːzɪkɐ],музыкант,Профессии,870,Учёба и работа
Hotel,[hoˈtɛl],отель,Путешествия,870,Путешествия и транспорт
Geschwister,[ɡəˈʃvɪstɐ],братья и сёстры,Семья (Ближайшие родственники),870,Семья и люди
Tennis,[ˈtɛnɪs],теннис,Спорт,870,Хобби и повседневная жизнь
Suppenteller,[ˈzʊpənˌtɛlɐ],глубокая тарелка,Столовые приборы,870,Рестораны и кафе
Pflaume,[ˈpflaʊ̯.mə],слива,Фрукты,870,Рестораны и кафе
ernst,[ɛʁnst],серьёзный,Характер и эмоции,870,Семья и люди
Haut,[haʊ̯t],кожа,Части тела,870,Здоровье и самочувствие
Herz,[hɛʁts],сердце,Части тела,870,Здоровье и самочувствие
Rücken,[ˈʁʏkn̩],спина,Части тела,870,Здоровье и самочувствие
Eingang,[ˈaɪnˌɡaŋ],вход,Школа (Места),870,Учёба и работа
Hof,[hoːf],двор,Школа (Места),870,Учёба и работа
Lebenslauf,[ˈleːbənsˌlaʊ̯f],"резюме, CV",Бизнес / Работа,860,Учёба и работа
rot,[ʁoːt],"рыжий, красный",Внешность (Волосы),860,Семья и люди
breit,[bʁaɪt],широкий,Внешность (Размер / Рост),860,Семья и люди
rennen,[ˈʁɛnən],бежать (быстро),Глаголы (Спорт),860,Основные глаголы
essen,[ˈɛsn̩],есть (принимать пищу),Глаголы действия,860,Основные глаголы
unordentlich,[ˈʊnˌɔʁdn̩tlɪç],"неаккуратный, неубранный",Дом (Описание),860,Дом и быт
Ei,[aɪ̯],яйцо,Еда и напитки,860,Рестораны и кафе
Seestern,[ˈzeːˌʃtɛʁn],морская звезда,Животные (Морские),860,Хобби и повседневная жизнь
Stille,[ˈʃtɪlə],тишина,Звук,860,Дом и быт
still,[ʃtɪl],тихо,Звук,860,Дом и быт
Kopfschmerzen,[ˈkɔpfˌʃmɛʁ.tsn̩],головная боль,Здоровье (Болезни),860,Здоровье и самочувствие
verstauchen,[fɛɐ̯ˈʃtaʊ̯xn̩],вывихнуть,Здоровье (Травмы),860,Здоровье и самочувствие
gießen,[ˈɡiː.sn̩],"наливать, поливать",Кухня (Глаголы),860,Основные глаголы
euch,[ɔɪ̯ç],"вас (мн.ч., неформально)",Местоимения,860,Приветствия и знакомства
Wiener,[ˈviːnɐ],сосиска,Мясо,860,Рестораны и кафе
Cola,[ˈkoːla],кола,Напитки,860,Рестораны и кафе
Parfüm,[paʁˈfyːm],"духи, парфюм",Обоняние,860,Дом и быт
Brokkoli,[ˈbʁɔkoli],брокколи,Овощи,860,Рестораны и кафе
entfernt,[ɛntˈfɛrnt],отдалённый,Описание (Расстояние),860,Дом и быт
hart,[haʁt],твёрдый,Осязание,860,Дом и быт
bewölkt,[bəˈvœlkt],облачно,Погода,860,Путешествия и транспорт
Gute Besserung,[ˈɡuːtə ˈbɛsəʁʊŋ],Выздоравливай,Поздравления / Праздники,860,Приветствия и знакомства
gegenüber,[ɡeːɡn̩ˈyːbɐ],напротив,Предлоги места,860,Путешествия и транспорт
Schauspieler,[ˈʃaʊ̯ˌʃpiːlɐ],актёр,Профессии,860,Учёба и работа
Übung,[ˈyːbʊŋ],упражнение,Спорт,860,Хобби и повседневная жизнь
Kanne,[ˈkanə],чайник / кувшин,Столовые приборы,860,Рестораны и кафе
Aprikose,[apʁiˈkoː.zə],абрикос,Фрукты,860,Рестораны и кафе
Bauch,[baʊ̯x],живот,Части тела,860,Здоровье и самочувствие
Daumen,[ˈdaʊ̯mən],большой палец,Части тела,860,Здоровье и самочувствие
Ausgang,[ˈaʊsˌɡaŋ],выход,Школа (Места),860,Учёба и работа
Unterschrift,[ˈʊntɐˌʃʁɪft],подпись,Бизнес / Работа,850,Учёба и работа
Föhn,[føːn],фен,Ванная комната,850,Дом и быт
Waschlappen,[ˈvaʃˌlapn̩],мочалка,Ванная комната,850,Дом и быт
abwischen,[ˈapˌvɪʃn̩],вытирать,Ванная комната,850,Дом и быт
schmutzig,[ˈʃmʊtsɪç],грязный,Ванная комната,850,Дом и быт
rasieren,[ʁaˈziːʁən],бриться,Ванная комната (Глаголы),850,Основные глаголы
Schlafzimmer,[ˈʃlaːfˌtsɪmɐ],спальня,Ванная комната / Спальня / Гостиная,850,Дом и быт
kein Problem,[kaɪ̯n pʁoˈbleːm],нет проблем,Вежливость / Этикет,850,Приветствия и знакомства
bitter,[ˈbɪ.tɐ],горький,Вкус (Еда),850,Рестораны и кафе
riechen,[ˈʁiːçn̩],пахнуть,Вкус (Ощущения),850,Дом и быт
kurzhaarig,[ˈkʊʁt͡sˌhaːʁɪç],коротковолосый,Внешность (Волосы),850,Семья и люди
mittelgroß,[ˈmɪtl̩ˌɡʁoːs],среднего роста,Внешность (Размер / Рост),850,Семья и люди
Jugendlicher,[ˈjuːɡn̩tlɪçɐ],подросток,Возраст,850,Приветствия и знакомства
wessen,[ˈvɛsn̩],чей,Вопросительные слова,850,Приветствия и знакомства
warm,[vaʁm],тёплый,Времена года,850,Путешествия и транспорт
Sekunde,[zeˈkʊndə],секунда,Время (Другое),850,Приветствия и знакомства
damals,[ˈdaːmaːls],тогда (в прошлом),Время (Другое),850,Приветствия и знакомства
spätestens,[ˈʃpɛːtənstns],не позднее чем,Время (Другое),850,Приветствия и знакомства
stellen,[ˈʃtɛlən],"ставить, помещать (вертикально)",Глаголы (Местоположение),850,Основные глаголы
frieren,[ˈfʁiːʁən],"замерзать, мёрзнуть",Глаголы (Погода),850,Основные глаголы
umarmen,[ʊmˈʔaʁmən],обнимать,Глаголы (Семья),850,Основные глаголы
boxen,[ˈbɔksən],боксировать,Глаголы (Спорт),850,Основные глаголы
trinken,[ˈtʁɪŋkən],пить,Глаголы действия,850,Основные глаголы
Bild,[bɪlt],картина,Гостиная,850,Дом и быт
Wochenende,[ˈvɔ.xənˌʔɛndə],выходные,Дни недели,850,Приветствия и знакомства
Küche,[ˈkʏ.çə],кухня,Дом,850,Дом и быт
Fisch,[fɪʃ],рыба,Еда и напитки,850,Рестораны и кафе
Schwein,[ʃvaɪn],свинья,Животные (Домашние/Ферма),850,Хобби и повседневная жизнь
Vogel,[ˈfoːɡl̩],птица,Животные (Домашние/Ферма),850,Хобби и повседневная жизнь
lieb,[liːp],"милый, добрый",Животные (Домашние/Ферма),850,Хобби и повседневная жизнь
Dachs,[daks],барсук,Животные (Лесные),850,Хобби и повседневная жизнь
Seepferdchen,[ˈzeːˌpfɛʁtçən],морской конёк,Животные (Морские),850,Хобби и повседневная жизнь
klingen,[ˈklɪŋən],звучать,Звук,850,Дом и быт
Tablette,[taˈblɛ.tə],таблетка,Здоровье,850,Здоровье и самочувствие
Bauchschmerzen,[ˈbaʊ̯xˌʃmɛʁ.tsn̩],боль в животе,Здоровье (Болезни),850,Здоровье и самочувствие
Krankenschwester,[ˈkʁaŋkn̩ˌʃvɛstɐ],медсестра,Здоровье (Люди),850,Здоровье и самочувствие
Zahnarzt,[ˈtsaːnˌaːɐ̯t͡st],стоматолог,Здоровье (Места),850,Здоровье и самочувствие
Zahnärztin,[ˈt͡saːnˌɛːɐ̯t͡stɪn],стоматолог (женщина),Здоровье (Профессии),850,Здоровье и самочувствие
Kopf,[kɔpf],голова,Здоровье (Симптомы),850,Здоровье и самочувствие
Übelkeit,[ˈyːbl̩kaɪt],тошнота,Здоровье (Симптомы),850,Здоровье и самочувствие
verbrennen,[fɛɐ̯ˈbʁɛnən],обжечься,Здоровье (Травмы),850,Здоровье и самочувствие
Farbe,[ˈfaʁbə],цвет,Зрение,850,Дом и быт
Modell,[moˈdɛl],"модель, макет",Искусство и ремесла,850,Хобби и повседневная жизнь
Und du?,[ʊnt duː],А ты?,Как дела?,850,Приветствия и знакомства
abschmecken,[ˈapˌʃmɛk.n̩],"дегустировать, приправлять по вкусу",Кухня (Глаголы),850,Основные глаголы
räumen,[ˈʁɔɪ̯.mən],"убирать (вещи), освобождать",Кухня (Глаголы) / Дом (Глаголы),850,Основные глаголы
man,[man],"кто-то, человек, безличное 'они'",Местоимения,850,Приветствия и знакомства
Speck,[ʃpɛk],бекон,Мясо,850,Рестораны и кафе
Mineralwasser,[mineˈraːlˌvasɐ],минеральная вода,Напитки,850,Рестораны и кафе
Richtung,[ˈʁɪçtʊŋ],направление,Направления (стороны света),850,Путешествия и транспорт
Nase,[ˈnaːzə],нос,Обоняние,850,Дом и быт
Blumenkohl,[ˈbluːmənˌkoːl],цветная капуста,Овощи,850,Рестораны и кафе
Bluse,[ˈbluːzə],блузка,Одежда,850,Покупки и магазины
dicht,[dɪçt],плотно / тесно,Описание (Расстояние),850,Дом и быт
natürlich,[naˈtʏʁlɪç],конечно,Ответы,850,Приветствия и знакомства
sonnig,[ˈzɔnɪç],солнечно,Погода,850,Путешествия и транспорт
Herzlichen Dank,[ˈhɛʁt͡slɪçən ˈdaŋk],Большое спасибо,Поздравления / Праздники,850,Приветствия и знакомства
geschlossen,[ɡəˈʃlɔsn̩],закрыто,Покупки,850,Покупки и магазины
Mitarbeiter,[ˈmɪtʔaʁbaɪ̯tɐ],сотрудник,Покупки (Люди),850,Покупки и магазины
Drogerie,[dʁoɡeˈʁiː],магазин бытовой химии и косметики,Покупки (Места),850,Покупки и магазины
Silvester,[zɪlˈvɛs.tɐ],Новый год (канун),Праздники и вечеринки,850,Хобби и повседневная жизнь
aus,[aʊ̯s],из (вне чего-либо),Предлоги места,850,Путешествия и транспорт
moin,[ˈmɔɪn],привет (северная Германия),Приветствия,850,Приветствия и знакомства
Hunger,[ˈhʊŋɐ],голод,Приемы пищи,850,Рестораны и кафе
Journalist,[ʒuʁnaˈlɪst],журналист,Профессии,850,Учёба и работа
Reservierung,[ʁezeʁˈviːʁʊŋ],бронирование,Путешествия,850,Путешествия и транспорт
Zimmermädchen,[ˈt͡sɪ.mɐˌmɛːtçən],горничная,Путешествия (Персонал),850,Путешествия и транспорт
hinten,[ˈhɪntn̩],сзади,Связующие слова (Время и место),850,Путешествия и транспорт
vorne,[ˈfɔʁnə],впереди,Связующие слова (Время и место),850,Путешествия и транспорт
dennoch,[ˈdɛnɔx],"всё же, однако",Связующие слова (Сравнение/Контраст),850,Путешествия и транспорт
Elternteil,[ˈɛltɐnˌtaɪl],родитель (один из родителей),Семья (Ближайшие родственники),850,Семья и люди
Cousin,[kuˈzɛ̃ː],двоюродный брат,Семья (Дальние родственники),850,Семья и люди
Cousine,[kuˈziːnə],двоюродная сестра,Семья (Дальние родственники),850,Семья и люди
Schlaf,[ʃlaːf],сон,Спальня,850,Дом и быт
Basketball,[ˈbaskɛtˌbal],баскетбол,Спорт,850,Хобби и повседневная жизнь
Wettkampf,[ˈvɛtˌkampf],соревнование,Спорт,850,Хобби и повседневная жизнь
Untertasse,[ˈʊntɐˌtasə],блюдце,Столовые приборы,850,Рестораны и кафе
Fahrkarte,[ˈfaːɐ̯ˌkaʁtə],проездной билет,Транспорт,850,Путешествия и транспорт
Fahrplan,[ˈfaːɐ̯ˌplaːn],расписание,Транспорт,850,Путешествия и транспорт
Motorrad,[moˈtoːɐ̯ˌʁaːt],мотоцикл,Транспорт,850,Путешествия и транспорт
Lokführer,[ˈlɔkˌfyːʁɐ],машинист поезда,Транспорт (Персонал),850,Путешествия и транспорт
Himbeere,[ˈhɪmˌbeːʁə],малина,Фрукты,850,Рестораны и кафе
ehrlich,[ˈeːɐ̯.lɪç],честный,Характер и эмоции,850,Семья и люди
beige,[beːʒ],бежевый,Цвета,850,Дом и быт
Blut,[bluːt],кровь,Части тела,850,Здоровье и самочувствие
Po,[poː],ягодица,Части тела,850,Здоровье и самочувствие
Zehe,[ˈtseːə],палец (на ноге),Части тела,850,Здоровье и самочувствие
Flur,[fluːɐ̯],коридор,Школа (Места),850,Учёба и работа
Sportplatz,[ˈʃpɔʁtˌplats],спортивная площадка,Школа (Места),850,Учёба и работа
Vertrag,[fɛɐ̯ˈtʁaːk],"договор, контракт",Бизнес / Работа,840,Учёба и работа
Wohnzimmer,[ˈvoːnˌtsɪmɐ],гостиная,Ванная комната / Спальня / Гостиная,840,Дом и быт
sauer,[ˈzaʊ̯.ɐ],кислый,Вкус (Еда),840,Рестораны и кафе
langhaarig,[ˈlaŋˌhaːʁɪç],длинноволосый,Внешность (Волосы),840,Семья и люди
Apfel,[ˈapfəl],яблоко,Еда и напитки,840,Рестораны и кафе
Muschel,[ˈmʊʃl̩],ракушка,Животные (Морские),840,Хобби и повседневная жизнь
Halsschmerzen,[ˈhalʃˌʃmɛʁ.tsn̩],боль в горле,Здоровье (Болезни),840,Здоровье и самочувствие
bunt,[bʊnt],"разноцветный, яркий",Искусство и ремесла,840,Хобби и повседневная жизнь
schälen,[ˈʃɛː.lən],чистить (от кожуры),Кухня (Глаголы),840,Основные глаголы
Hackfleisch,[ˈhak.flaɪ̯ʃ],фарш,Мясо,840,Рестораны и кафе
Rote Beete,[ˈʁoːtə ˈbeːtə],свёкла,Овощи,840,Рестораны и кафе
Bauer,[ˈbaʊ̯ɐ],фермер,Профессии,840,Учёба и работа
Gepäck,[ɡəˈpɛk],багаж,Путешествия,840,Путешествия и транспорт
laufen gehen,[ˈlaʊ̯fən ˈɡeːən],идти бегать,Спорт,840,Хобби и повседневная жизнь
Ananas,[ˈa.na.nas],ананас,Фрукты,840,Рестораны и кафе
Gehalt,[ɡəˈhalt],зарплата,Бизнес / Работа,830,Учёба и работа
Bad,[baːt],ванная,Ванная комната / Спальня / Гостиная,830,Дом и быт
Glatze,[ˈɡlat͡sə],лысина,Внешность (Волосы),830,Семья и люди
legen,[ˈleːɡn̩],"класть, помещать (горизонтально)",Глаголы (Местоположение),830,Основные глаголы
tanzen,[ˈtant͡sən],танцевать,Глаголы (Спорт),830,Основные глаголы
Saft,[zaft],сок,Еда и напитки,830,Рестораны и кафе
Tintenfisch,[ˈtɪntn̩ˌfɪʃ],осьминог / кальмар,Животные (Морские),830,Хобби и повседневная жизнь
Form,[fɔʁm],форма,Искусство и ремесла,830,Хобби и повседневная жизнь
Auch gut,[aʊ̯x ɡuːt],Тоже хорошо,Как дела?,830,Приветствия и знакомства
Mais,[maɪ̯s],кукуруза,Овощи,830,Рестораны и кафе
Schal,[ʃaːl],шарф,Одежда,830,Покупки и магазины
eins,[aɪns],один,Основы,830,Приветствия и знакомства
Größe,[ˈɡʁøːsə],размер,Покупки,830,Покупки и магазины
Ostern,[ˈoːstɐn],Пасха,Праздники и вечеринки,830,Хобби и повседневная жизнь
um,[ʊm],вокруг,Предлоги места,830,Путешествия и транспорт
Architekt,[aʁçiˈtɛkt],архитектор,Профессии,830,Учёба и работа
Tor,[toːɐ̯],ворота / гол,Спорт,830,Хобби и повседневная жизнь
ins Fitnessstudio gehen,[ɪns ˈfɪtnɛsˌʃtuːdi̯o ˈɡeːən],ходить в спортзал,Спорт,830,Хобби и повседневная жизнь
Schiff,[ʃɪf],корабль,Транспорт,830,Путешествия и транспорт
Mango,[ˈmaŋ.go],манго,Фрукты,830,Рестораны и кафе
zufrieden,[t͡suˈfʁiːdən],довольный,Характер и эмоции,830,Семья и люди
Kreide,[ˈkʁaɪ̯də],мел,Школа (В классе),830,Учёба и работа
verdienen,[fɛɐ̯ˈdiːnən],зарабатывать,Бизнес / Работа,820,Учёба и работа
kämmen,[ˈkɛmən],"причесывать, расчесывать",Ванная комната (Глаголы),820,Основные глаголы
bitte sehr,[ˈbɪ.tə zeːɐ̯],пожалуйста (ответ на спасибо),Вежливость / Этикет,820,Приветствия и знакомства
Zopf,[t͡sɔpf],коса,Внешность (Волосы),820,Семья и люди
wie lange,[viː ˈlaŋə],как долго,Вопросительные слова,820,Приветствия и знакомства
reiten,[ˈʁaɪ̯tən],ездить верхом,Глаголы (Спорт),820,Основные глаголы
schreiben,[ˈʃʁaɪbn̩],писать,Глаголы действия,820,Основные глаголы
Uhr,[uːɐ̯],часы,Гостиная,820,Дом и быт
Tee,[teː],чай,Еда и напитки,820,Рестораны и кафе
Robbe,[ˈʁɔbə],тюлень,Животные (Морские),820,Хобби и повседневная жизнь
flüstern,[ˈflʏstɐn],шептать,Звук,820,Дом и быт
Fieber,[ˈfiː.bɐ],"жар, температура",Здоровье,820,Здоровье и самочувствие
Durchfall,[ˈdʊʁçˌfal],понос,Здоровье (Болезни),820,Здоровье и самочувствие
Hals,[hals],горло,Здоровье (Симптомы),820,Здоровье и самочувствие
Super,[ˈzuːpɐ],Отлично,Как дела?,820,Приветствия и знакомства
Kürbis,[ˈkʏʁbɪs],тыква,Овощи,820,Рестораны и кафе
Mütze,[ˈmʏtsə],шапка,Одежда,820,Покупки и магазины
zwei,[tsvaɪ],два,Основы,820,Приветствия и знакомства
es regnet,[ɛs ˈʁeːɡnɛt],идёт дождь,Погода,820,Путешествия и транспорт
Viel Spaß,[fiːl ˈʃpaːs],Веселись / Хорошо провести время,Поздравления / Праздники,820,Приветствия и знакомства
billig,[ˈbɪlɪç],дешёвый,Покупки,820,Покупки и магазины
teuer,[ˈtɔʏ̯ɐ],дорогой,Покупки,820,Покупки и магазины
Buchhandlung,[ˈbuːxˌhandlʊŋ],книжный магазин,Покупки (Места),820,Покупки и магазины
durch,[dʊʁç],через,Предлоги места,820,Путешествия и транспорт
Anwalt,[ˈanvalt],адвокат,Профессии,820,Учёба и работа
ciao,[ˈtʃaʊ̯],пока (разг.),Прощание,820,Приветствия и знакомства
fliegen,[ˈfliːɡn̩],лететь,Путешествия,820,Путешествия и транспорт
Punkt,[pʊŋkt],очко / балл,Спорт,820,Хобби и повседневная жизнь
wandern,[ˈvandɐn],ходить в поход / гулять пешком,Спорт,820,Хобби и повседневная жизнь
Tablett,[taˈblɛt],поднос,Столовые приборы,820,Рестораны и кафе
Kiwi,[ˈkiː.vi],киви,Фрукты,820,Рестораны и кафе
nervös,[nɛʁˈvøːs],нервный,Характер и эмоции,820,Семья и люди
sympathisch,[zʏmˈpaː.tɪʃ],симпатичный (приятный в общении),Характер и эмоции,820,Семья и люди
Hüfte,[ˈhʏftə],бедро (таз),Части тела,820,Здоровье и самочувствие
Knochen,[ˈknɔxn̩],кость,Части тела,820,Здоровье и самочувствие
Muskel,[ˈmʊsl̩],мышца,Части тела,820,Здоровье и самочувствие
Nacken,[ˈnakn̩],"затылок, шея (задняя часть)",Части тела,820,Здоровье и самочувствие
Nagel,[ˈnaːɡl̩],ноготь,Части тела,820,Здоровье и самочувствие
Wange,[ˈvaŋə],щека,Части тела,820,Здоровье и самочувствие
Zunge,[ˈtsʊŋə],язык (орган),Части тела,820,Здоровье и самочувствие
Computerraum,[kɔmˈpjuːtɐˌʁaʊm],компьютерный класс,Школа (Места),820,Учёба и работа
Pausenhof,[ˈpaʊzn̩ˌhoːf],двор для перемен,Школа (Места),820,Учёба и работа
Sekretariat,[zekʁetaˈʁiːat],секретариат,Школа (Места),820,Учёба и работа
kündigen,[ˈkʏndɪɡən],"увольняться, увольнять",Бизнес / Работа,810,Учёба и работа
Pony,[ˈpɔni],чёлка,Внешность (Волосы),810,Семья и люди
wie oft,[viː ˈɔft],как часто,Вопросительные слова,810,Приветствия и знакомства
tauchen,[ˈtaʊ̯xən],нырять,Глаголы (Спорт),810,Основные глаголы
lesen,[ˈleːzn̩],читать,Глаголы действия,810,Основные глаголы
Kaffee,[ˈkafeː],кофе,Еда и напитки,810,Рестораны и кафе
Seehund,[ˈzeːˌhʊnt],морской котик,Животные (Морские),810,Хобби и повседневная жизнь
Erbrechen,[ɛɐ̯ˈbʁɛçn̩],рвота,Здоровье (Болезни),810,Здоровье и самочувствие
hinzufügen,[hɪnˈtsyː.ɡən],добавлять,Кухня (Глаголы),810,Основные глаголы
Aubergine,[obɛʁˈʒiːnə],баклажан,Овощи,810,Рестораны и кафе
drei,[dʁaɪ],три,Основы,810,Приветствия и знакомства
es schneit,[ɛs ʃnaɪt],идёт снег,Погода,810,Путешествия и транспорт
Feuerwehrmann,[ˈfɔʏ̯ɐˌveːɐ̯ˌman],пожарный,Профессии,810,Учёба и работа
bis gleich,[bɪs ˈɡlaɪ̯ç],до скорой встречи (очень скоро),Прощание,810,Приветствия и знакомства
ankommen,[ˈʔanˌkɔmən],прибывать,Путешествия,810,Путешествия и транспорт
spielen gehen,[ˈʃpiːlən ˈɡeːən],идти играть,Спорт,810,Хобби и повседневная жизнь
böse,[ˈbøː.zə],злой,Характер и эмоции,810,Семья и люди
wütend,[ˈvyːtənt],"злой, в ярости",Характер и эмоции,810,Семья и люди
Ellbogen,[ˈɛlˌboːɡn̩],локоть,Части тела,810,Здоровье и самочувствие
Kinn,[kɪn],подбородок,Части тела,810,Здоровье и самочувствие
Schultasche,[ˈʃuːlˌtaʃə],школьная сумка,Школа (В классе),810,Учёба и работа
Direktion,[diʁɛkˈtsioːn],дирекция,Школа (Места),810,Учёба и работа
Pause,[ˈpaʊ̯zə],"перемена, пауза",Школа (Учебная деятельность),810,Учёба и работа
Meeting,[ˈmiːtɪŋ],"встреча, собрание",Бизнес / Работа,800,Учёба и работа
Regal,[ʁeˈɡaːl],полка,Ванная комната,800,Дом и быт
Schrank,[ʃʁaŋk],шкаф,Ванная комната,800,Дом и быт
herzlich willkommen,[ˈhɛʁt͡slɪç vɪlˈkɔmən],добро пожаловать,Вежливость / Этикет,800,Приветствия и знакомства
genießen,[ɡəˈniː.sən],наслаждаться (едой),Вкус (Еда),800,Рестораны и кафе
eklig,[ˈeːklɪç],отвратительный (на вкус),Вкус (Ощущения),800,Дом и быт
Strähne,[ˈʃtʁɛːnə],прядь,Внешность (Волосы),800,Семья и люди
riesig,[ˈʁiːzɪç],огромный,Внешность (Размер / Рост),800,Семья и люди
Baby,[ˈbeːbi],младенец,Возраст,800,Приветствия и знакомства
mit wem,[mɪt veːm],с кем,Вопросительные слова,800,Приветствия и знакомства
regnen,[ˈʁeːɡnən],идти (о дожде),Времена года,800,Путешествия и транспорт
hängen,[ˈhɛŋən],висеть; вешать,Глаголы (Местоположение),800,Основные глаголы
wehen,[ˈveːən],дуть (о ветре),Глаголы (Погода),800,Основные глаголы
küssen,[ˈkʏsn̩],целовать,Глаголы (Семья),800,Основные глаголы
balancieren,[balaŋˈsiːʁən],балансировать,Глаголы (Спорт),800,Основные глаголы
fahren,[ˈfaːʁən],"ехать, водить",Глаголы действия,800,Основные глаголы
Buch,[buːx],книга,Гостиная,800,Дом и быт
schenken,[ˈʃɛŋkən],дарить,Десерты,800,Рестораны и кафе
am Montag,[am ˈmɔn.taːk],в понедельник,Дни недели,800,Приветствия и знакомства
Schaf,[ʃaːf],овца,Животные (Домашние/Ферма),800,Хобби и повседневная жизнь
füttern,[ˈfʏtɐn],кормить,Животные (Домашние/Ферма),800,Хобби и повседневная жизнь
Marder,[ˈmaʁdɐ],куница,Животные (Лесные),800,Хобби и повседневная жизнь
Alge,[ˈalɡə],водоросль,Животные (Морские),800,Хобби и повседневная жизнь
klopfen,[ˈklɔpfən],стучать,Звук,800,Дом и быт
krach,[kʁaχ],"грохот, шум",Звук,800,Дом и быт
sich fühlen,[zɪç ˈfyː.lən],чувствовать себя,Здоровье,800,Здоровье и самочувствие
Allergie,[aleʁˈɡiː],аллергия,Здоровье (Болезни),800,Здоровье и самочувствие
Rezept,[ʁeˈt͡sɛpt],рецепт (медицинский),Здоровье (Болезни),800,Здоровье и самочувствие
Krankenwagen,[ˈkʁaŋkənˌvaːɡn̩],скорая помощь (машина),Здоровье (Места),800,Здоровье и самочувствие
Notaufnahme,[ˈnoːtˌaʊfˌnaːmə],приёмное отделение (неотложка),Здоровье (Места),800,Здоровье и самочувствие
Krankenpfleger,[ˈkʁaŋkn̩ˌfleːɡɐ],медбрат,Здоровье (Профессии),800,Здоровье и самочувствие
Müdigkeit,[ˈmyːdɪçkaɪt],усталость,Здоровье (Симптомы),800,Здоровье и самочувствие
Brille,[ˈbʁɪlə],очки,Зрение,800,Дом и быт
ansehen,[ˈanˌzeːən],рассматривать,Зрение,800,Дом и быт
gestalten,[ɡəˈʃtaltn̩],"оформлять, создавать",Искусство и ремесла,800,Хобби и повседневная жизнь
Prima,[ˈpriːma],Превосходно,Как дела?,800,Приветствия и знакомства
entfernen,[ɛntˈfɛʁ.nən],удалять,Кухня (Глаголы),800,Основные глаголы
Grill,[ɡʁɪl],гриль,Мясо,800,Рестораны и кафе
links,[lɪŋks],налево,Направления (стороны света),800,Путешествия и транспорт
rechts,[ʁɛçts],направо,Направления (стороны света),800,Путешествия и транспорт
Zucchini,[tsuˈkiːni],цукини,Овощи,800,Рестораны и кафе
rauh,[ʁaʊ̯],шершавый,Осязание,800,Дом и быт
genau,[ɡəˈnaʊ̯],точно / верно,Ответы,800,Приветствия и знакомства
es ist sonnig,[ɛs ɪst ˈzɔnɪç],солнечно,Погода,800,Путешествия и транспорт
Feier,[ˈfaɪ̯ɐ],праздник,Поздравления / Праздники,800,Приветствия и знакомства
Umkleide,[ˈʊmˌklaɪ̯də],примерочная,Покупки,800,Покупки и магазины
Öffnungszeiten,[ˈœfnʊŋsˌtsaɪ̯tn̩],часы работы,Покупки,800,Покупки и магазины
Kassierer,[kaˈsiːʁɐ],кассир,Покупки (Люди),800,Покупки и магазины
Metzgerei,[mɛt͡sɡəˈʁaɪ],мясная лавка,Покупки (Места),800,Покупки и магазины
einladen,[ˈaɪ̯nˌlaːdn̩],приглашать,Праздники и вечеринки,800,Хобби и повседневная жизнь
entlang,[ɛntˈlaŋ],вдоль,Предлоги места,800,Путешествия и транспорт
Hausfrau,[ˈhaʊ̯sˌfʁaʊ̯],домохозяйка,Профессии,800,Учёба и работа
schönen Tag,[ˈʃøːnən taːk],хорошего дня,Прощание,800,Приветствия и знакомства
abfahren,[ˈapˌfaːʁən],отправляться,Путешествия,800,Путешествия и транспорт
Portier,[pɔʁˈtjeː],"швейцар, портье",Путешествия (Персонал),800,Путешествия и транспорт
zusätzlich,[ˈtsuːzɛt͡slɪç],дополнительно,Связующие слова (Добавление),800,Путешествия и транспорт
im Gegensatz,[ɪm ˈɡeːɡn̩ˌzat͡s],в отличие,Связующие слова (Сравнение/Контраст),800,Путешествия и транспорт
Ehefrau,[ˈeːəˌfʁaʊ],жена,Семья (Ближайшие родственники),800,Семья и люди
Ehemann,[ˈeːəˌman],муж,Семья (Ближайшие родственники),800,Семья и люди
Ehepartner,[ˈeːəˌpaʁtnɐ],супруг,Семья (Ближайшие родственники),800,Семья и люди
Neffe,[ˈnɛfə],племянник,Семья (Дальние родственники),800,Семья и люди
Nichte,[ˈnɪçtə],племянница,Семья (Дальние родственники),800,Семья и люди
Vorhang,[ˈfoːɐ̯ˌhaŋ],занавеска,Спальня / Гостиная,800,Дом и быт
Leichtathletik,[ˈlaɪ̯çtʔatleˌtiːk],лёгкая атлетика,Спорт,800,Хобби и повседневная жизнь
Mitspieler,[ˈmɪtˌʃpiːlɐ],товарищ по команде,Спорт,800,Хобби и повседневная жизнь
Krug,[kruːk],кувшин,Столовые приборы,800,Рестораны и кафе
steigen,[ˈʃtaɪ̯ɡn̩],садиться (в транспорт),Транспорт,800,Путешествия и транспорт
Stewardess,[ʃtjuˈaːɐ̯dɛs],стюардесса,Транспорт (Персонал),800,Путешествия и транспорт
Granatapfel,[ɡʁaˈnaːtˌapfəl],гранат,Фрукты,800,Рестораны и кафе
reif,[ʁaɪ̯f],спелый,Фрукты,800,Рестораны и кафе
schüchtern,[ˈʃʏç.tɐn],застенчивый,Характер и эмоции,800,Семья и люди
Gelenk,[ɡəˈlɛŋk],сустав,Части тела,800,Здоровье и самочувствие
Magen,[ˈmaːɡn̩],желудок,Части тела,800,Здоровье и самочувствие
Stirn,[ʃtɪʁn],лоб,Части тела,800,Здоровье и самочувствие
elf,[ɛlf],одиннадцать,Числа,800,Покупки и магазины
Aula,[ˈaʊla],актовый зал,Школа (Места),800,Учёба и работа
Lehrerzimmer,[ˈleːʁɐˌtsɪmɐ],учительская,Школа (Места),800,Учёба и работа
Treppenhaus,[ˈtʁɛpənˌhaʊs],лестничная клетка,Школа (Места),800,Учёба и работа
Tasche,[ˈtaʃə],сумка,Школа (Учебная деятельность),800,Учёба и работа
Aufgabe,[ˈaʊ̯fˌɡaːbə],"задание, задача",Бизнес / Работа,790,Учёба и работа
Frisur,[fʁiˈzuːɐ̯],причёска,Внешность (Волосы),790,Семья и люди
skaten,[ˈskeːtn̩],кататься на скейте/роликах,Глаголы (Спорт),790,Основные глаголы
bleiben,[ˈblaɪbn̩],оставаться,Глаголы действия,790,Основные глаголы
Asthma,[ˈas.tma],астма,Здоровье (Болезни),790,Здоровье и самочувствие
Idee,[iˈdeː],идея,Искусство и ремесла,790,Хобби и повседневная жизнь
abkühlen,[ˈapˌkyː.lən],"остужать, охлаждать",Кухня (Глаголы),790,Основные глаголы
Radieschen,[ʁaˈdiːsçən],редис,Овощи,790,Рестораны и кафе
es ist bewölkt,[ɛs ɪst bəˈvœlkt],облачно,Погода,790,Путешествия и транспорт
Feige,[ˈfaɪ̯.ɡə],инжир,Фрукты,790,Рестораны и кафе
mutig,[ˈmuː.tɪç],смелый,Характер и эмоции,790,Семья и люди
Welche Farbe?,[ˈvɛlçə ˈfaʁbə],Какой цвет?,Цвета,790,Дом и быт
Handgelenk,[ˈhantɡəˌlɛŋk],запястье,Части тела,790,Здоровье и самочувствие
Lunge,[ˈlʊŋə],легкое,Части тела,790,Здоровье и самочувствие
zwölf,[t͡svœlf],двенадцать,Числа,790,Покупки и магазины
Frage,[ˈfʁaːɡə],вопрос,Школа (В классе),790,Учёба и работа
Schulküche,[ˈʃuːlˌkʏçə],школьная столовая/кухня,Школа (Места),790,Учёба и работа
Fragen stellen,[ˈfʁaːɡn̩ ˈʃtɛlən],задавать вопросы,Школа (Учебная деятельность),790,Учёба и работа
Projekt,[pʁoˈjɛkt],проект,Бизнес / Работа,780,Учёба и работа
trocknen,[ˈtʁɔknən],сушить,Ванная комната (Глаголы),780,Основные глаголы
Lampe,[ˈlampə],лампа,Ванная комната / Спальня / Гостиная,780,Дом и быт
winzig,[ˈvɪnt͡sɪç],крошечный,Внешность (Размер / Рост),780,Семья и люди
Geburtstag,[ɡəˈbʊʁtstaːk],день рождения,Возраст,780,Приветствия и знакомства
sein (da),[zaɪn (da)],"быть (здесь), присутствовать",Глаголы (Местоположение),780,Основные глаголы
besuchen,[bəˈzuːxn̩],"навещать, посещать",Глаголы (Семья),780,Основные глаголы
lachen,[ˈlaχn̩],смеяться,Глаголы (Семья),780,Основные глаголы
beginnen,[bəˈɡɪnən],начинать,Глаголы действия,780,Основные глаголы
Koralle,[koˈʁalə],коралл,Животные (Морские),780,Хобби и повседневная жизнь
laut sprechen,[laʊ̯t ˈʃpʁɛçən],говорить громко,Звук,780,Дом и быт
leise sprechen,[ˈlaɪ̯zə ˈʃpʁɛçən],говорить тихо,Звук,780,Дом и быт
Notfall,[ˈnoːt.faːl],"чрезвычайная ситуация, неотложный случай",Здоровье,780,Здоровье и самочувствие
Infektion,[ɪnfɛkˈtsi̯oːn],инфекция,Здоровье (Болезни),780,Здоровье и самочувствие
Schwindel,[ˈʃvɪndl̩],головокружение,Здоровье (Симптомы),780,Здоровье и самочувствие
fertig,[ˈfɛʁtɪç],готовый,Искусство и ремесла,780,Хобби и повседневная жизнь
So lala,[zoː laˈla],Так себе,Как дела?,780,Приветствия и знакомства
aufwärmen,[ˈaʊ̯fˌvɛʁ.mən],разогревать,Кухня (Глаголы),780,Основные глаголы
mit Zucker,[mɪt ˈtsʊkɐ],с сахаром,Напитки,780,Рестораны и кафе
angenehm,[ˈaŋəˌneːm],приятный,Обоняние,780,Дом и быт
Lauch,[laʊ̯x],лук-порей,Овощи,780,Рестораны и кафе
stimmt,[ʃtɪmt],правильно / верно,Ответы,780,Приветствия и знакомства
es ist windig,[ɛs ɪst ˈvɪndɪç],ветрено,Погода,780,Путешествия и транспорт
Feiern,[ˈfaɪ̯ɐn],праздновать,Поздравления / Праздники,780,Приветствия и знакомства
Schuhgeschäft,[ˈʃuːɡəˌʃɛft],обувной магазин,Покупки (Места),780,Покупки и магазины
ab,[ap],"от (откуда-то, с поверхности)",Предлоги места,780,Путешествия и транспорт
Chef(in),[ˈʃɛf (ɪn)],шеф (женщина),Профессии,780,Учёба и работа
gute Nacht,[ˈɡuːtə naxt],спокойной ночи,Прощание,780,Приветствия и знакомства
Reiseleiter,[ˈʁaɪ̯.zəˌlaɪ̯.tɐ],"гид, экскурсовод",Путешествия (Персонал),780,Путешествия и транспорт
ebenso,[ˈeːbn̩zoː],"также, аналогично",Связующие слова (Добавление),780,Путешествия и транспорт
stattdessen,[ʃtatˈdɛsən],вместо этого,Связующие слова (Сравнение/Контраст),780,Путешествия и транспорт
Gewichtheben,[ɡəˈvɪçtˌheːbən],тяжёлая атлетика / поднятие тяжестей,Спорт,780,Хобби и повседневная жизнь
aussteigen,[ˈaʊ̯sˌʃtaɪ̯ɡn̩],выходить (из транспорта),Транспорт,780,Путешествия и транспорт
Kontrolleur,[kɔn.tʁoˈlɶːɐ̯],контролёр (билетов),Транспорт (Персонал),780,Путешествия и транспорт
Limette,[liˈmɛ.tə],лайм,Фрукты,780,Рестораны и кафе
geduldig,[ɡəˈdʊl.dɪç],терпеливый,Характер и эмоции,780,Семья и люди
dunkelblau,[ˈdʊŋkl̩blaʊ],тёмно-синий,Цвета,780,Дом и быт
Knöchel,[ˈknœçl̩],щиколотка,Части тела,780,Здоровье и самочувствие
Leber,[ˈleːbɐ],печень,Части тела,780,Здоровье и самочувствие
Rippe,[ˈʁɪpə],ребро,Части тела,780,Здоровье и самочувствие
zwanzig,[ˈt͡svan.t͡sɪç],двадцать,Числа,780,Покупки и магазины
Antwort,[ˈantvɔʁt],ответ,Школа (В классе),780,Учёба и работа
Team,[tiːm],команда,Бизнес / Работа,770,Учёба и работа
Stuhl,[ʃtuːl],стул,Ванная комната / Спальня / Гостиная,770,Дом и быт
schneiden,[ˈʃnaɪ̯dən],"стричь, резать",Внешность (Волосы),770,Семья и люди
finden,[ˈfɪndn̩],находить,Глаголы (Местоположение),770,Основные глаголы
sich kümmern,[zɪç ˈkʏmɐn],заботиться,Глаголы (Семья),770,Основные глаголы
öffnen,[ˈœfnən],открывать,Глаголы действия,770,Основные глаголы
Schwanzflosse,[ˈʃvantsˌflɔsə],хвостовой плавник,Животные (Морские),770,Хобби и повседневная жизнь
Grippe,[ˈɡʁɪ.pə],грипп,Здоровье (Болезни),770,Здоровье и самочувствие
Patientin,[paˈt͡si̯ɛntɪn],пациентка,Здоровье (Профессии),770,Здоровье и самочувствие
Pflaster,[ˈpflastɐ],пластырь,Здоровье (Травмы),770,Здоровье и самочувствие
zubereiten,[ˈtsuːbəˌʁaɪ̯tən],приготовлять,Кухня (Глаголы),770,Основные глаголы
ohne Zucker,[ˈoːnə ˈtsʊkɐ],без сахара,Напитки,770,Рестораны и кафе
unangenehm,[ˈʊnanɡəˌneːm],неприятный,Обоняние,770,Дом и быт
Sellerie,[ˈzɛlɛʁi],сельдерей,Овощи,770,Рестораны и кафе
fest,[fɛst],"плотный, крепкий",Осязание,770,Дом и быт
es ist kalt,[ɛs ɪst kalt],холодно,Погода,770,Путешествия и транспорт
Geschenk,[ɡəˈʃɛŋk],подарок,Поздравления / Праздники,770,Приветствия и знакомства
Kleidungsgeschäft,[ˈklaɪ̯dʊŋsɡəˌʃɛft],магазин одежды,Покупки (Места),770,Покупки и магазины
Arbeiter,[ˈaʁbaɪ̯tɐ],рабочий,Профессии,770,Учёба и работа
stolz,[ʃtɔlt͡s],гордый,Характер и эмоции,770,Семья и люди
hellgrün,[ˈhɛlɡʁyːn],светло-зелёный,Цвета,770,Дом и быт
Bart,[baʁt],борода,Части тела,770,Здоровье и самочувствие
Ferse,[ˈfɛʁzə],пятка,Части тела,770,Здоровье и самочувствие
Wirbelsäule,[ˈvɪʁbl̩ˌzɔɪ̯lə],позвоночник,Части тела,770,Здоровье и самочувствие
hundert,[ˈhʊndɐt],сто,Числа,770,Покупки и магазины
Kollegin,[koˈleːɡɪn],коллега (жен.),Бизнес / Работа,760,Учёба и работа
färben,[ˈfɛʁbən],красить (волосы),Внешность (Волосы),760,Семья и люди
schließen,[ˈʃliːsn̩],закрывать,Глаголы действия,760,Основные глаголы
Schale,[ˈʃaːlə],"панцирь, скорлупа",Животные (Морские),760,Хобби и повседневная жизнь
Apotheke,[apoˈteː.kə],аптека,Здоровье,760,Здоровье и самочувствие
Erkältung,[ɛɐ̯ˈkɛl.tʊŋ],простуда,Здоровье (Болезни),760,Здоровье и самочувствие
Gips,[ɡɪps],гипс,Здоровье (Травмы),760,Здоровье и самочувствие
abkühlen lassen,[ˈapˌkyː.lən ˈlasn̩],давать остыть,Кухня (Глаголы),760,Основные глаголы
roh,[ʁoː],сырой,Мясо,760,Рестораны и кафе
eiskalt,[ˈaɪsˌkalt],ледяной,Напитки,760,Рестораны и кафе
Artischocke,[aʁtiˈʃɔkə],артишок,Овощи,760,Рестораны и кафе
leicht,[laɪ̯çt],лёгкий (по весу),Осязание,760,Дом и быт
es ist warm,[ɛs ɪst vaʁm],тепло,Погода,760,Путешествия и транспорт
Einladung,[ˈaɪ̯nˌlaːdʊŋ],приглашение,Поздравления / Праздники,760,Приветствия и знакомства